# Representative undamped source for the repeated three-Bessel two-loop radial transform.
# columns: q_h_Mpc P_lin_z0p7_(Mpc/h)^3 q3_P/(2pi2)
9.99999999999999955e-08 2.25092034465792262e-01 1.14032956802679804e-23
1.01131208694873624e-07 2.27548691474145387e-01 1.19234022304531431e-23
1.02275213720861036e-07 2.30032160464816282e-01 1.24672309422928986e-23
1.03432159831171994e-07 2.32542734064080214e-01 1.30358637882276557e-23
1.04602193416477787e-07 2.35080708091940316e-01 1.36304320896731123e-23
1.05785462523433723e-07 2.37646381596982537e-01 1.42521187678363787e-23
1.06982116873411084e-07 2.40240056891611181e-01 1.49021606971922225e-23
1.08192307881442968e-07 2.42862039587672496e-01 1.55818511663028461e-23
1.09416188675382302e-07 2.45512638632463837e-01 1.62925424508750594e-23
1.10653914115277781e-07 2.48192166345136772e-01 1.70356485041756470e-23
1.11905640812967784e-07 2.50900938453496647e-01 1.78126477701565397e-23
1.13171527151898121e-07 2.53639274131206127e-01 1.86250861248883047e-23
1.14451733307161896e-07 2.56407496035393756e-01 1.94745799521520027e-23
1.15746421265766078e-07 2.59205930344669377e-01 2.03628193593090728e-23
1.17055754847129476e-07 2.62034906797561529e-01 2.12915715398493051e-23
1.18379899723810402e-07 2.64894758731368807e-01 2.22626842893037800e-23
1.19719023442468828e-07 2.67785823121434952e-01 2.32780896815191559e-23
1.21073295445067824e-07 2.70708440620858082e-01 2.43398079126093055e-23
1.22442887090312711e-07 2.73662955600627755e-01 2.54499513202285832e-23
1.23827971675332609e-07 2.76649716190200734e-01 2.66107285861649572e-23
1.25228724457609623e-07 2.79669074318524613e-01 2.78244491306161030e-23
1.26645322677153697e-07 2.82721385755502597e-01 2.90935277068872305e-23
1.28077945578928414e-07 2.85807010153913410e-01 3.04204892056541755e-23
1.29526774435532741e-07 2.88926311091791455e-01 3.18079736783518003e-23
1.30991992570137119e-07 2.92079656115266151e-01 3.32587415896781605e-23
1.32473785379678720e-07 2.95267416781867520e-01 3.47756793096660593e-23
1.33972340358321849e-07 2.98489968704310105e-01 3.63618048562517204e-23
1.35487847121180877e-07 3.01747691594749456e-01 3.80202738997604283e-23
1.37020497428313031e-07 3.05040969309524235e-01 3.97543860412594193e-23
1.38570485208981201e-07 3.08370189894383195e-01 4.15675913772659858e-23
1.40138006586193759e-07 3.11735745630212835e-01 4.34634973638763683e-23
1.41723259901519656e-07 3.15138033079257529e-01 4.54458759939660899e-23
1.43326445740183971e-07 3.18577453131844213e-01 4.75186713017433700e-23
1.44947766956450261e-07 3.22054411053623313e-01 4.96860072095904930e-23
1.46587428699287086e-07 3.25569316533318942e-01 5.19521957327973577e-23
1.48245638438325098e-07 3.29122583731000340e-01 5.43217455585145988e-23
1.49922605990110346e-07 3.32714631326886223e-01 5.67993710159982211e-23
1.51618543544651885e-07 3.36345882570675436e-01 5.93900014559849725e-23
1.53333665692269748e-07 3.40016765331417448e-01 6.20987910578630771e-23
1.55068189450749159e-07 3.43727712147930575e-01 6.49311290841534167e-23
1.56822334292799140e-07 3.47479160279765664e-01 6.78926506026956174e-23
1.58596322173823393e-07 3.51271551758730094e-01 7.09892476978778480e-23
1.60390377560003458e-07 3.55105333440968840e-01 7.42270811932095532e-23
1.62204727456702832e-07 3.58980957059621741e-01 7.76125929085688265e-23
1.64039601437189452e-07 3.62898879278049369e-01 8.11525184765003554e-23
1.65895231671682974e-07 3.66859561743638429e-01 8.48539007430663716e-23
1.67771852956733793e-07 3.70863471142202472e-01 8.87241037799193984e-23
1.69669702744931319e-07 3.74911079252969404e-01 9.27708275354625830e-23
1.71589021174948209e-07 3.79002863004168022e-01 9.70021231542514717e-23
1.73530051101927755e-07 3.83139304529229063e-01 1.01426408995123911e-22
1.75493038128211752e-07 3.87320891223593144e-01 1.06052487379913402e-22
1.77478230634415988e-07 3.91548115802137386e-01 1.10889562106073616e-22
1.79485879810860360e-07 3.95821476357236246e-01 1.15947256758064999e-22
1.81516239689351586e-07 4.00141476417450404e-01 1.21235633853920510e-22
1.83569567175325192e-07 4.04508625006853750e-01 1.26765214865088289e-22
1.85646122080354349e-07 4.08923436705016796e-01 1.32547001149392597e-22
1.87746167155023404e-07 4.13386431707636837e-01 1.38592495838742933e-22
1.89869968122172970e-07 4.17898135887829980e-01 1.44913726725144397e-22
1.92017793710524783e-07 4.22459080858100244e-01 1.51523270190554936e-22
1.94189915688682735e-07 4.27069804032974232e-01 1.58434276228174636e-22
1.96386608899521254e-07 4.31730848692327862e-01 1.65660494604970528e-22
1.98608151294960105e-07 4.36442764045396725e-01 1.73216302217469632e-22
2.00854823971136457e-07 4.41206105295493978e-01 1.81116731695268897e-22
2.03126911203971474e-07 4.46021433705427628e-01 1.89377501309145191e-22
2.05424700485139019e-07 4.50889316663631468e-01 1.98015046243279099e-22
2.07748482558445001e-07 4.55810327751025313e-01 2.07046551293824832e-22
2.10098551456614571e-07 4.60785046808596721e-01 2.16489985058854463e-22
2.12475204538495347e-07 4.65814060005721176e-01 2.26364135687711354e-22
2.14878742526685317e-07 4.70897959909235497e-01 2.36688648260914796e-22
2.17309469545582720e-07 4.76037345553257385e-01 2.47484063874953751e-22
2.19767693159866098e-07 4.81232822509766012e-01 2.58771860509744171e-22
2.22253724413413678e-07 4.86485002959961776e-01 2.70574495760077240e-22
2.24767877868658673e-07 4.91794505766396939e-01 2.82915451516038627e-22
2.27310471646392339e-07 4.97161956545896677e-01 2.95819280681320542e-22
2.29881827466014579e-07 5.02587987743271292e-01 3.09311656022352938e-22
2.32482270686244498e-07 5.08073238705842867e-01 3.23419421245476185e-22
2.35112130346287414e-07 5.13618355758777678e-01 3.38170644403733805e-22
2.37771739207467220e-07 5.19223992281237723e-01 3.53594673739555345e-22
2.40461433795334325e-07 5.24890808783374796e-01 3.69722196074461951e-22
2.43181554442245441e-07 5.30619472984155238e-01 3.86585297861912509e-22
2.45932445330424913e-07 5.36410659890034336e-01 4.04217529024781219e-22
2.48714454535518018e-07 5.42265051874496473e-01 4.22653969704501909e-22
2.51527934070631801e-07 5.48183338758458150e-01 4.41931300054627373e-22
2.54373239930874774e-07 5.54166217891544965e-01 4.62087873217684727e-22
2.57250732138404614e-07 5.60214394234266000e-01 4.83163791630550236e-22
2.60160774787980798e-07 5.66328580441076590e-01 5.05200986810096658e-22
2.63103736093033036e-07 5.72509496944346052e-01 5.28243302777878653e-22
2.66079988432254751e-07 5.78757872039253995e-01 5.52336583289868190e-22
2.69089908396719706e-07 5.85074441969599790e-01 5.77528763044722066e-22
2.72133876837530899e-07 5.91459951014552177e-01 6.03869963052072196e-22
2.75212278914013711e-07 5.97915151576352777e-01 6.31412590350623303e-22
2.78325504142448840e-07 6.04440804268967624e-01 6.60211442274369800e-22
2.81473946445359666e-07 6.11037678007712470e-01 6.90323815474441523e-22
2.84658004201353517e-07 6.17706550099848206e-01 7.21809619913422977e-22
2.87878080295532950e-07 6.24448206336178147e-01 7.54731498059035025e-22
2.91134582170471877e-07 6.31263441083634524e-01 7.89154949514212950e-22
2.94427921877768225e-07 6.38153057378873845e-01 8.25148461331581890e-22
2.97758516130185262e-07 6.45117867022905411e-01 8.62783644271659673e-22
3.01126786354377236e-07 6.52158690676743480e-01 9.02135375275767213e-22
3.04533158744211468e-07 6.59276357958099579e-01 9.43281946437149992e-22
3.07978064314699263e-07 6.66471707539145308e-01 9.86305220766770434e-22
3.11461938956531226e-07 6.73745587245326849e-01 1.03129079506353986e-21
3.14985223491229478e-07 6.81098854155263278e-01 1.07832817021309659e-21
3.18548363726929387e-07 6.88532374701739447e-01 1.12751092925400734e-21
3.22151810514786084e-07 6.96047024773795764e-01 1.17893692356553339e-21
3.25796019806022819e-07 7.03643689819933971e-01 1.23270846754749873e-21
3.29481452709620734e-07 7.11323264952444689e-01 1.28893254217949223e-21
3.33208575550668530e-07 7.19086655052888712e-01 1.34772100786455554e-21
3.36977859929362280e-07 7.26934774878705947e-01 1.40919082698055630e-21
3.40789782780682236e-07 7.34868549171010854e-01 1.47346429658232652e-21
3.44644826434738261e-07 7.42888912763549958e-01 1.54066929171728998e-21
3.48543478677800833e-07 7.50996810692854955e-01 1.61093951983880933e-21
3.52486232814019142e-07 7.59193198309589312e-01 1.68441478682331137e-21
3.56473587727843769e-07 7.67479041391127548e-01 1.76124127512063479e-21
3.60506047947149857e-07 7.75855316255345873e-01 1.84157183459075208e-21
3.64584123707073273e-07 7.84323009875657395e-01 1.92556628660559881e-21
3.68708331014576489e-07 7.92883119997316643e-01 2.01339174202119055e-21
3.72879191713736767e-07 8.01536655254976749e-01 2.10522293365235593e-21
3.77097233551777832e-07 8.10284635291539268e-01 2.20124256391179850e-21
3.81362990245843440e-07 8.19128090878291415e-01 2.30164166830493961e-21
3.85677001550535228e-07 8.28068064036374007e-01 2.40661999550403598e-21
3.90039813326202791e-07 8.37105608159548820e-01 2.51638640475727482e-21
3.94451977608017627e-07 8.46241788138328843e-01 2.63115928142404217e-21
3.98914052675820481e-07 8.55477680485451142e-01 2.75116697146265782e-21
4.03426603124762943e-07 8.64814373462721497e-01 2.87664823573526499e-21
4.07990199936743553e-07 8.74252967209239062e-01 3.00785272503354035e-21
4.12605420552660248e-07 8.83794573871034883e-01 3.14504147677064838e-21
4.17272848945472666e-07 8.93440317732110079e-01 3.28848743432720172e-21
4.21993075694090739e-07 9.03191335346904656e-01 3.43847599008467815e-21
4.26766698058106926e-07 9.13048775674227708e-01 3.59530555322694253e-21
4.31594320053366162e-07 9.23013800212633795e-01 3.75928814343906898e-21
4.36476552528390575e-07 9.33087583137275356e-01 3.93075001168485992e-21
4.41414013241676319e-07 9.43271311438265481e-01 4.11003228929842349e-21
4.46407326939857673e-07 9.53566185060537808e-01 4.29749166668070332e-21
4.51457125436754269e-07 9.63973417045226211e-01 4.49350110295141930e-21
4.56564047693321372e-07 9.74494233672610566e-01 4.69845056796872802e-21
4.61728739898495146e-07 9.85129874606599620e-01 4.91274781819217647e-21
4.66951855550958339e-07 9.95881593040805480e-01 5.13681920793315301e-21
4.72234055541824457e-07 1.00675065584619583e+00 5.37111053760634050e-21
4.77576008238268876e-07 1.01773834372038618e+00 5.61608794067061568e-21
4.82978389568090526e-07 1.02884595133852508e+00 5.87223881102278285e-21
4.88441883105245379e-07 1.04007478750586024e+00 6.14007277269062364e-21
4.93967180156336351e-07 1.05142617531194671e+00 6.42012269375331942e-21
4.99554979848087932e-07 1.06290145228654720e+00 6.71294574650726291e-21
5.05205989215803631e-07 1.07450197055722740e+00 7.01912451598593043e-21
5.10920923292835104e-07 1.08622909700868786e+00 7.33926815904011706e-21
5.16700505201053322e-07 1.09808421344381535e+00 7.67401361628351869e-21
5.22545466242343585e-07 1.11006871674649576e+00 8.02402687931539836e-21
5.28456545991144932e-07 1.12218401904621934e+00 8.39000431574207286e-21
5.34434492388025572e-07 1.13443154788446243e+00 8.77267405463224154e-21
5.40480061834323684e-07 1.14681274638290032e+00 9.17279743516365655e-21
5.46594019287851859e-07 1.15932907341343783e+00 9.59117052134232549e-21
5.52777138359696457e-07 1.17198200377012385e+00 1.00286256858092464e-20
5.59030201412094908e-07 1.18477302834290676e+00 1.04860332658836515e-20
5.65353999657438086e-07 1.19770365429332459e+00 1.09643032951400292e-20
5.71749333258378808e-07 1.21077540523207783e+00 1.14643873139616296e-20
5.78217011429080748e-07 1.22398982139856427e+00 1.19872802626743288e-20
5.84757852537604817e-07 1.23734845984235386e+00 1.25340224610260521e-20
5.91372684209466565e-07 1.25085289460666926e+00 1.31057016779516615e-20
5.98062343432352747e-07 1.26450471691384614e+00 1.37034552957392448e-20
6.04827676662024471e-07 1.27830553535282032e+00 1.43284725729045712e-20
6.11669539929427382e-07 1.29225697606867884e+00 1.49819970102764987e-20
6.18588798949003872e-07 1.30636068295426422e+00 1.56653288249991836e-20
6.25586329228229272e-07 1.32061831784386019e+00 1.63798275373737681e-20
6.32663016178399734e-07 1.33503156070902373e+00 1.71269146756877542e-20
6.39819755226660808e-07 1.34960210985652651e+00 1.79080766044108862e-20
6.47057451929303924e-07 1.36433168212845635e+00 1.87248674813856071e-20
6.54377022086355973e-07 1.37922201310452697e+00 1.95789123498967932e-20
6.61779391857451931e-07 1.39427485730657286e+00 2.04719103717700533e-20
6.69265497879026527e-07 1.40949198840528278e+00 2.14056382079329670e-20
6.76836287382823365e-07 1.42487519942918306e+00 2.23819535531635996e-20
6.84492718315759083e-07 1.44042630297592811e+00 2.34027988320613092e-20
6.92235759461123709e-07 1.45614713142585539e+00 2.44702050635889471e-20
7.00066390561172379e-07 1.47203953715790936e+00 2.55862959018802506e-20
7.07985602441088288e-07 1.48810539276789822e+00 2.67532918613471969e-20
7.15994397134356799e-07 1.50434659128914583e+00 2.79735147344965574e-20
7.24093788009548600e-07 1.52076504641553156e+00 2.92493922112424180e-20
7.32284799898552331e-07 1.53736269272700099e+00 3.05834627089089639e-20
7.40568469226244219e-07 1.55414148591750401e+00 3.19783804225284238e-20
7.48945844141624020e-07 1.57110340302542384e+00 3.34369206054838939e-20
7.57417984650448731e-07 1.58825044266655069e+00 3.49619850910058323e-20
7.65985962749351158e-07 1.60558462526956025e+00 3.65566080655023174e-20
7.74650862561484821e-07 1.62310799331408928e+00 3.82239621052137451e-20
7.83413780473693858e-07 1.64082261157138332e+00 3.99673644881985541e-20
7.92275825275252032e-07 1.65873056734761204e+00 4.17902837942134306e-20
8.01238118298147387e-07 1.67683397072978524e+00 4.36963468056103677e-20
8.10301793558977836e-07 1.69513495483440901e+00 4.56893457229901235e-20
8.19467997902433884e-07 1.71363567605881384e+00 4.77732457099590151e-20
8.28737891146414748e-07 1.73233831433524732e+00 4.99521927820059515e-20
8.38112646228775230e-07 1.75124507338772029e+00 5.22305220551899933e-20
8.47593449355750555e-07 1.77035818099168796e+00 5.46127663710563761e-20
8.57181500152043835e-07 1.78967988923654109e+00 5.71036653149330960e-20
8.66878011812611939e-07 1.80921247479095149e+00 5.97081746455531084e-20
8.76684211256183753e-07 1.82895823917115319e+00 6.24314761547679135e-20
8.86601339280499723e-07 1.84891950901211732e+00 6.52789879769605410e-20
8.96630650719306763e-07 1.86909863634168527e+00 6.82563753686721228e-20
9.06773414601145486e-07 1.88949799885772785e+00 7.13695619798945101e-20
9.17030914309918007e-07 1.91012000020829564e+00 7.46247416394437523e-20
9.27404447747270827e-07 1.93096707027482672e+00 7.80283906778665564e-20
9.37895327496832724e-07 1.95204166545847935e+00 8.15872808124021495e-20
9.48504880990290277e-07 1.97334626896955245e+00 8.53084926196238728e-20
9.59234450675355135e-07 1.99488339112008539e+00 8.91994296225741588e-20
9.70085394185617947e-07 2.01665556961963421e+00 9.32678330204122352e-20
9.81059084512346762e-07 2.03866536987430491e+00 9.75217970898917951e-20
9.92156910178197917e-07 2.06091538528901097e+00 1.01969785289292016e-19
1.00338027541292318e-06 2.08340823757307270e+00 1.06620647096863326e-19
1.01473060033104106e-06 2.10614657704911501e+00 1.11483635617269217e-19
1.02620932111153121e-06 2.12913308296535986e+00 1.16568425991066184e-19
1.03781789017954847e-06 2.15237046381130170e+00 1.21885134643837921e-19
1.04955777639021348e-06 2.17586145763687311e+00 1.27444339413296046e-19
1.06143046521446407e-06 2.19960883237504579e+00 1.33257100594372410e-19
1.07343745892700757e-06 2.22361538616796706e+00 1.39334982944182532e-19
1.08558027679642025e-06 2.24788394769668454e+00 1.45690078690648829e-19
1.09786045527737462e-06 2.27241737651442488e+00 1.52335031590540444e-19
1.11027954820505367e-06 2.29721856338354380e+00 1.59283062084811854e-19
1.12283912699175289e-06 2.32229043061611895e+00 1.66547993601274036e-19
1.13554078082572889e-06 2.34763593241831625e+00 1.74144280056948802e-19
1.14838611687226534e-06 2.37325805523844169e+00 1.82087034614792016e-19
1.16137676047704598e-06 2.39915981811886203e+00 1.90392059752035742e-19
1.17451435537180386e-06 2.42534427305171230e+00 1.99075878699937859e-19
1.18780056388231114e-06 2.45181450533852541e+00 2.08155768317514993e-19
1.20123706713870580e-06 2.47857363395373698e+00 2.17649793464639648e-19
1.21482556528822613e-06 2.50562481191223085e+00 2.27576842942922625e-19
1.22856777771031408e-06 2.53297122664081442e+00 2.37956667075837808e-19
1.24246544323418880e-06 2.56061610035381415e+00 2.48809917002910811e-19
1.25652032035885416e-06 2.58856269043273590e+00 2.60158185766103247e-19
1.27073418747560730e-06 2.61681428981006992e+00 2.72024051270162811e-19
1.28510884309306582e-06 2.64537422735730399e+00 2.84431121202405186e-19
1.29964610606472431e-06 2.67424586827713062e+00 2.97404080001281502e-19
1.31434781581911768e-06 2.70343261450000627e+00 3.10968737967219733e-19
1.32921583259254503e-06 2.73293790508494761e+00 3.25152082613381547e-19
1.34425203766446872e-06 2.76276521662478380e+00 3.39982332358576224e-19
1.35945833359554507e-06 2.79291806365578443e+00 3.55488992669090024e-19
1.37483664446836464e-06 2.82339999907177086e+00 3.71702914761168883e-19
1.39038891613089950e-06 2.85421461454272629e+00 3.88656356980916978e-19
1.40611711644273440e-06 2.88536554093804254e+00 4.06383048983776558e-19
1.42202323552404087e-06 2.91685644875427608e+00 4.24918258841196532e-19
1.43810928600741202e-06 2.94869104854769315e+00 4.44298863208102073e-19
1.45437730329251281e-06 2.98087309137143608e+00 4.64563420690673008e-19
1.47082934580362929e-06 3.01340636921752525e+00 4.85752248560465931e-19
1.48746749525011261e-06 3.04629471546363062e+00 5.07907502967454569e-19
1.50429385688980080e-06 3.07954200532478906e+00 5.31073262811644570e-19
1.52131055979539107e-06 3.11315215630998754e+00 5.55295617440048737e-19
1.53851975712382707e-06 3.14712912868374195e+00 5.80622758343539110e-19
1.55592362638876054e-06 3.18147692593276110e+00 6.07105075036047839e-19
1.57352436973606299e-06 3.21619959523763388e+00 6.34795255306788828e-19
1.59132421422247603e-06 3.25130122794972465e+00 6.63748390045035927e-19
1.60932541209739000e-06 3.28678596007320722e+00 6.94022082845937950e-19
1.62753024108784980e-06 3.32265797275245456e+00 7.25676564615543044e-19
1.64594100468673310e-06 3.35892149276462959e+00 7.58774813402888407e-19
1.66456003244423975e-06 3.39558079301776905e+00 7.93382679697745148e-19
1.68338968026264024e-06 3.43264019305421630e+00 8.29569017443147425e-19
1.70243233069437999e-06 3.47010405955959689e+00 8.67405821023464372e-19
1.72169039324353442e-06 3.50797680687729851e+00 9.06968368500481306e-19
1.74116630467071278e-06 3.54626289752865631e+00 9.48335371382584582e-19
1.76086252930135746e-06 3.58496684273869759e+00 9.91589131224831971e-19
1.78078155933758613e-06 3.62409320296773041e+00 1.03681570337169777e-18
1.80092591517351901e-06 3.66364658844866664e+00 1.08410506816806403e-18
1.82129814571419423e-06 3.70363165973023234e+00 1.13355130997922008e-18
1.84190082869808891e-06 3.74405312822611780e+00 1.18525280437599357e-18
1.86273657102327092e-06 3.78491575677006775e+00 1.23931241385738012e-18
1.88380800907728097e-06 3.82622436017712841e+00 1.29583769250022611e-18
1.90511780907068881e-06 3.86798380581090218e+00 1.35494109994286927e-18
1.92666866737448223e-06 3.91019901415709548e+00 1.41674022512876231e-18
1.94846331086122812e-06 3.95287495940325195e+00 1.48135802025496879e-18
1.97050449725011668e-06 3.99601667002487027e+00 1.54892304539115994e-18
1.99279501545588586e-06 4.03962922937784263e+00 1.61956972425564412e-18
2.01533768594173527e-06 4.08371777629746635e+00 1.69343861165753174e-18
2.03813536107617311e-06 4.12828750570387015e+00 1.77067667313678566e-18
2.06119092549396067e-06 4.17334366921416766e+00 1.85143757735890763e-18
2.08450729646109414e-06 4.21889157576119622e+00 1.93588200184563924e-18
2.10808742424394157e-06 4.26493659221906452e+00 2.02417795265018642e-18
2.13193429248252646e-06 4.31148414403547342e+00 2.11650109861277595e-18
2.15605091856808132e-06 4.35853971587102063e+00 2.21303512086184531e-18
2.18044035402483032e-06 4.40610885224541082e+00 2.31397207825588384e-18
2.20510568489609240e-06 4.45419715819071893e+00 2.41951278949313605e-18
2.23005003213478967e-06 4.50281029991183868e+00 2.52986723264954800e-18
2.25527655199833039e-06 4.55195400545408368e+00 2.64525496293953318e-18
2.28078843644798622e-06 4.60163406537811692e+00 2.76590554953099742e-18
2.30658891355275802e-06 4.65185633344216853e+00 2.89205903228341436e-18
2.33268124789786252e-06 4.70262672729182896e+00 3.02396639931807366e-18
2.35906874099776976e-06 4.75395122915722013e+00 3.16189008637003239e-18
2.38575473171398217e-06 4.80583588655790894e+00 3.30610449891593929e-18
2.41274259667748971e-06 4.85828681301541820e+00 3.45689655811593934e-18
2.44003575071602979e-06 4.91131018877356862e+00 3.61456627165622241e-18
2.46763764728615460e-06 4.96491226152662080e+00 3.77942733062763066e-18
2.49555177891023565e-06 5.01909934715546768e+00 3.95180773362829557e-18
2.52378167761834147e-06 5.07387783047172647e+00 4.13205043933127933e-18
2.55233091539518759e-06 5.12925416597008255e+00 4.32051404881637253e-18
2.58120310463208541e-06 5.18523487858874521e+00 4.51757351902280408e-18
2.61040189858403126e-06 5.24182656447825490e+00 4.72362090874282077e-18
2.63993099183196529e-06 5.29903589177866152e+00 4.93906615864013586e-18
2.66979412075023201e-06 5.35686960140515556e+00 5.16433790684495517e-18
2.69999506397938901e-06 5.41533450784237136e+00 5.39988434174885628e-18
2.73053764290428254e-06 5.47443749994720896e+00 5.64617409369516563e-18
2.76142572213761307e-06 5.53418554176056787e+00 5.90369716734008810e-18
2.79266321000891049e-06 5.59458567332783563e+00 6.17296591653851762e-18
2.82425405905907389e-06 5.65564501152837273e+00 6.45451606369478162e-18
2.85620226654047122e-06 5.71737075091400371e+00 6.74890776560584196e-18
2.88851187492276028e-06 5.77977016455677184e+00 7.05672672791833575e-18
2.92118697240434372e-06 5.84285060490577379e+00 7.37858537041535399e-18
2.95423169342969738e-06 5.90661950465352259e+00 7.71512404545296407e-18
2.98765021921248642e-06 5.97108437761163025e+00 8.06701231196916494e-18
3.02144677826463475e-06 6.03625281959611915e+00 8.43495026760093376e-18
3.05562564693134331e-06 6.10213250932232754e+00 8.81966994155894714e-18
3.09019114993221910e-06 6.16873120930969332e+00 9.22193675103215245e-18
3.12514766090847379e-06 6.23605676679629450e+00 9.64255102401857650e-18
3.16049960297631018e-06 6.30411711466340563e+00 1.00823495916126545e-17
3.19625144928662469e-06 6.37292027237019543e+00 1.05422074529176206e-17
3.23240772359097904e-06 6.44247434689855769e+00 1.10230395158941026e-17
3.26897300081401333e-06 6.51278753370828856e+00 1.15258024176094799e-17
3.30595190763229264e-06 6.58386811770262526e+00 1.20514964275085334e-17
3.34334912305977663e-06 6.65572447420446167e+00 1.26011674374935539e-17
3.38116937903980961e-06 6.72836506994302130e+00 1.31759090427708361e-17
3.41941746104391226e-06 6.80179846405148947e+00 1.37768647176063291e-17
3.45809820867726789e-06 6.87603330907538712e+00 1.44052300903166806e-17
3.49721651629110144e-06 6.95107835199203183e+00 1.50622553220235163e-17
3.53677733360194270e-06 7.02694243524104056e+00 1.57492475939023322e-17
3.57678566631797457e-06 7.10363449776621270e+00 1.64675737078764287e-17
3.61724657677235708e-06 7.18116357606861477e+00 1.72186628059269949e-17
3.65816518456382440e-06 7.25953880527130124e+00 1.80040092134330765e-17
3.69954666720444992e-06 7.33876942019556378e+00 1.88251754121953187e-17
3.74139626077477412e-06 7.41886475644895871e+00 1.96837951490602486e-17
3.78371926058634275e-06 7.49983425152519168e+00 2.05815766863292338e-17
3.82652102185170310e-06 7.58168744591598553e+00 2.15203062004183355e-17
3.86980696036206469e-06 7.66443398423517941e+00 2.25018513355330679e-17
3.91358255317250485e-06 7.74808361635492382e+00 2.35281649194241982e-17
3.95785333929504961e-06 7.83264619855444977e+00 2.46012888486221924e-17
4.00262492039950075e-06 7.91813169468123501e+00 2.57233581508755294e-17
4.04790296152224735e-06 8.00455017732494767e+00 2.68966052328786831e-17
4.09369319178303352e-06 8.09191182900404016e+00 2.81233643217376397e-17
4.14000140510994072e-06 8.18022694336553968e+00 2.94060761090140987e-17
4.18683346097243461e-06 8.26950592639765070e+00 3.07472926065812045e-17
4.23419528512283311e-06 8.35975929765581860e+00 3.21496822239588563e-17
4.28209287034607206e-06 8.45099769150201574e+00 3.36160350772243461e-17
4.33053227721799871e-06 8.54323185835765031e+00 3.51492685400641244e-17
4.37951963487219748e-06 8.63647266597001639e+00 3.67524330480081483e-17
4.42906114177556967e-06 8.73073110069275593e+00 3.84287181673984257e-17
4.47916306651261237e-06 8.82601826878012119e+00 4.01814589411612824e-17
4.52983174857857156e-06 8.92234539769537527e+00 4.20141425240108896e-17
4.58107359918163829e-06 9.01972383743360595e+00 4.39304151202874141e-17
4.63289510205414103e-06 9.11816506185880193e+00 4.59340892382276830e-17
4.68530281427296071e-06 9.21768067005563374e+00 4.80291512751054857e-17
4.73830336708917484e-06 9.31828238769585759e+00 5.02197694483284337e-17
4.79190346676718770e-06 9.41998206841982721e+00 5.25103020882769488e-17
4.84610989543320830e-06 9.52279169523281510e+00 5.49053063093741173e-17
4.90092951193347939e-06 9.62672338191684140e+00 5.74095470766500793e-17
4.95636925270209835e-06 9.73178937445769421e+00 6.00280066858279873e-17
5.01243613263871775e-06 9.83800205248761372e+00 6.27658946757998068e-17
5.06913724599611392e-06 9.94537393074365639e+00 6.56286581932080826e-17
5.12647976727790976e-06 1.00539176605420977e+01 6.86219928297620441e-17
5.18447095214629504e-06 1.01636460312687156e+01 7.17518539538365489e-17
5.24311813834017116e-06 1.02745719718855391e+01 7.50244685589136124e-17
5.30242874660357125e-06 1.03867085524538929e+01 7.84463476524261344e-17
5.36241028162462923e-06 1.05000689856741101e+01 8.20242992096596621e-17
5.42307033298517488e-06 1.06146666284420412e+01 8.57654417184822494e-17
5.48441657612101512e-06 1.07305149834224860e+01 8.96772183418466637e-17
5.54645677329319788e-06 1.08476277006399275e+01 9.37674117262516144e-17
5.60919877457009681e-06 1.09660185790864002e+01 9.80441594856072990e-17
5.67265051882077852e-06 1.10857015683471634e+01 1.02515970391331152e-16
5.73682003471947350e-06 1.12066907702438563e+01 1.07191741300865176e-16
5.80171544176148376e-06 1.13290004404957720e+01 1.12080774858308721e-16
5.86734495129051518e-06 1.14526449903990386e+01 1.17192798002371302e-16
5.93371686753775404e-06 1.15776389885244022e+01 1.22537981318483119e-16
6.00083958867252408e-06 1.17039971624332217e+01 1.28126959273542039e-16
6.06872160786500629e-06 1.18317344004124472e+01 1.33970851373580415e-16
6.13737151436084927e-06 1.19608657532283154e+01 1.40081284286422867e-16
6.20679799456800901e-06 1.20914064358993407e+01 1.46470414973364374e-16
6.27700983315580386e-06 1.22233718294884088e+01 1.53150954875875630e-16
6.34801591416653426e-06 1.23567774829147545e+01 1.60136195205476468e-16
6.41982522213956069e-06 1.24916391147854196e+01 1.67440033387068304e-16
6.49244684324809306e-06 1.26279726152467120e+01 1.75077000708345176e-16
6.56588996644896338e-06 1.27657940478560619e+01 1.83062291230305809e-16
6.64016388464526910e-06 1.29051196514740862e+01 1.91411792016359423e-16
6.71527799586224800e-06 1.30459658421773472e+01 2.00142114740186465e-16
6.79124180443637688e-06 1.31883492151919217e+01 2.09270628735224247e-16
6.86806492221806774e-06 1.33322865468482803e+01 2.18815495551554433e-16
6.94575706978776401e-06 1.34777947965570970e+01 2.28795705088902380e-16
7.02432807768600258e-06 1.36248911088070077e+01 2.39231113377686289e-16
7.10378788765723517e-06 1.37735928151838696e+01 2.50142482083236900e-16
7.18414655390780773e-06 1.39239174364121805e+01 2.61551519811812155e-16
7.26541424437807690e-06 1.40758826844186142e+01 2.73480925300563045e-16
7.34760124202908353e-06 1.42295064644183427e+01 2.85954432577412383e-16
7.43071794614355890e-06 1.43848068770237028e+01 2.98996858180638213e-16
7.51477487364186912e-06 1.45418022203762511e+01 3.12634150532170010e-16
7.59978266041268446e-06 1.47005109923018136e+01 3.26893441562770968e-16
7.68575206265876984e-06 1.48609518924890658e+01 3.41803100691846679e-16
7.77269395825801093e-06 1.50231438246920046e+01 3.57392791269270112e-16
7.86061934813974271e-06 1.51871058989561565e+01 3.73693529591490717e-16
7.94953935767683376e-06 1.53528574338694437e+01 3.90737746609394257e-16
8.03946523809327459e-06 1.55204179588371645e+01 4.08559352450603448e-16
8.13040836788792820e-06 1.56898072163821887e+01 4.27193803884674433e-16
8.22238025427420996e-06 1.58610451644698625e+01 4.46678174865333778e-16
8.31539253463614743e-06 1.60341519788585209e+01 4.67051230290154225e-16
8.40945697800082344e-06 1.62091480554753851e+01 4.88353503124374333e-16
8.50458548652764301e-06 1.63860540128186756e+01 5.10627375042356462e-16
8.60079009701420375e-06 1.65648906943855430e+01 5.33917160747032369e-16
8.69808298241945928e-06 1.67456791711267847e+01 5.58269196135194454e-16
8.79647645340390978e-06 1.69284407439281033e+01 5.83731930483942370e-16
8.89598295988734468e-06 1.71131969461185491e+01 6.10356022841760821e-16
8.99661509262406643e-06 1.72999695460060394e+01 6.38194442815930225e-16
9.09838558479614258e-06 1.74887805494409641e+01 6.67302575956885957e-16
9.20130731362450305e-06 1.76796522024073504e+01 6.97738333949078790e-16
9.30539330199826563e-06 1.78726069936422896e+01 7.29562269827607714e-16
9.41065672012265723e-06 1.80676676572841721e+01 7.62837698449898583e-16
9.51711088718539360e-06 1.82648571755495048e+01 7.97630822462005753e-16
9.62476927304201916e-06 1.84641987814390731e+01 8.34010864010229396e-16
9.73364549992019484e-06 1.86657159614733743e+01 8.72050202460018363e-16
9.84375334414348806e-06 1.88694324584582382e+01 9.11824518396258666e-16
9.95510673787435142e-06 1.90753722742800527e+01 9.53412944191258328e-16
1.00677197708771370e-05 1.92835596727319931e+01 9.96898221440196940e-16
1.01816066923008095e-05 1.94940191823706357e+01 1.04236686557705470e-15
1.02967819124819709e-05 1.97067755994039011e+01 1.08990933799866710e-15
1.04132600047681429e-05 1.99218539906102592e+01 1.13962022603922951e-15
1.05310557073618984e-05 2.01392796962901066e+01 1.19159843115345877e-15
1.06501839251855605e-05 2.03590783332487568e+01 1.24594736568258018e-15
1.07706597317672922e-05 2.05812757978124807e+01 1.30277515859485485e-15
1.08924983711482964e-05 2.08058982688770087e+01 1.36219487060973728e-15
1.10157152598116945e-05 2.10329722109893495e+01 1.42432471913378870e-15
1.11403259886332263e-05 2.12625243774632224e+01 1.48928831345580625e-15
1.12663463248539116e-05 2.14945818135282742e+01 1.55721490066903631e-15
1.13937922140752572e-05 2.17291718595138832e+01 1.62823962280988239e-15
1.15226797822767108e-05 2.19663221540672033e+01 1.70250378572440709e-15
1.16530253378562690e-05 2.22060606374066829e+01 1.78015514019785756e-15
1.17848453736939254e-05 2.24484155546107083e+01 1.86134817590622181e-15
1.19181565692385871e-05 2.26934154589422228e+01 1.94624442877481011e-15
1.20529757926184661e-05 2.29410892152092352e+01 2.03501280235518426e-15
1.21893201027756050e-05 2.31914660031625246e+01 2.12782990386006969e-15
1.23272067516241802e-05 2.34445753209295766e+01 2.22488039552435102e-15
1.24666531862336022e-05 2.37004469884865294e+01 2.32635736199166304e-15
1.26076770510360153e-05 2.39591111511675265e+01 2.43246269445704163e-15
1.27502961900589210e-05 2.42205982832124178e+01 2.54340749233014888e-15
1.28945286491830337e-05 2.44849391913530638e+01 2.65941248321805108e-15
1.30403926784255905e-05 2.47521650184385393e+01 2.78070846206303344e-15
1.31879067342496033e-05 2.50223072470998780e+01 2.90753675030923318e-15
1.33370894818992593e-05 2.52953977034549240e+01 3.04014967601154290e-15
1.34879597977615792e-05 2.55714685608530523e+01 3.17881107584174484e-15
1.36405367717549162e-05 2.58505523436608691e+01 3.32379681999082700e-15
1.37948397097444704e-05 2.61326819310891771e+01 3.47539536101166449e-15
1.39508881359849777e-05 2.64178905610611672e+01 3.63390830769375748e-15
1.41087017955913611e-05 2.67062118341234296e+01 3.79965102511223670e-15
1.42683006570368828e-05 2.69976797173985581e+01 3.97295326204406424e-15
1.44297049146799929e-05 2.72923285485816045e+01 4.15415980700055804e-15
1.45929349913194602e-05 2.75901930399794217e+01 4.34363117418059965e-15
1.47580115407785511e-05 2.78913082825941814e+01 4.54174432070961779e-15
1.49249554505182904e-05 2.81957097502510514e+01 4.74889339659093515e-15
1.50937878442805989e-05 2.85034333037712848e+01 4.96549052886198221e-15
1.52645300847608808e-05 2.88145151951898306e+01 5.19196664151444851e-15
1.54372037763112934e-05 2.91289920720196598e+01 5.42877231281065898e-15
1.56118307676742853e-05 2.94469009815619067e+01 5.67637867170077188e-15
1.57884331547471729e-05 2.97682793752628676e+01 5.93527833512462107e-15
1.59670332833780150e-05 3.00931651131186726e+01 6.20598638806283959e-15
1.61476537521929545e-05 3.04215964681272730e+01 6.48904140828663353e-15
1.63303174154558794e-05 3.07536121307895698e+01 6.78500653784560510e-15
1.65150473859599802e-05 3.10892512136585140e+01 7.09447060342402648e-15
1.67018670379524562e-05 3.14285532559384890e+01 7.41804928779575938e-15
1.68908000100920055e-05 3.17715582281340971e+01 7.75638635470715242e-15
1.70818702084399186e-05 3.21183065367495502e+01 8.11015492962530700e-15
1.72751018094848163e-05 3.24688390290390387e+01 8.48005883889914559e-15
1.74705192632020139e-05 3.28231969978090703e+01 8.86683400999832429e-15
1.76681472961469262e-05 3.31814221862721865e+01 9.27124993561385462e-15
1.78680109145840210e-05 3.35435567929542913e+01 9.69411120453517775e-15
1.80701354076507612e-05 3.39096434766543453e+01 1.01362591023471970e-14
1.82745463505575432e-05 3.42797253614585102e+01 1.05985732851329917e-14
1.84812696078237996e-05 3.46538460418085279e+01 1.10819735295111680e-14
1.86903313365505754e-05 3.50320495876246980e+01 1.15874215624890547e-14
1.89017579897303262e-05 3.54143805494850454e+01 1.21159229747727900e-14
1.91155763195941247e-05 3.58008839638604570e+01 1.26685292213399190e-14
1.93318133809965774e-05 3.61916053584063206e+01 1.32463397132539990e-14
1.95504965348391519e-05 3.65865907573117539e+01 1.38505040048831671e-14
1.97716534515322617e-05 3.69858866867069693e+01 1.44822240808736277e-14
1.99953121144962735e-05 3.73895401801286766e+01 1.51427567474266187e-14
2.02215008237026168e-05 3.77975987840457535e+01 1.58334161326381930e-14
2.04502481992542796e-05 3.82101105634434859e+01 1.65555763008721415e-14
2.06815831850074816e-05 3.86271241074695695e+01 1.73106739863709347e-14
2.09155350522338069e-05 3.90486885351404212e+01 1.81002114515390657e-14
2.11521334033240592e-05 3.94748535011096138e+01 1.89257594755870815e-14
2.13914081755337294e-05 3.99056692014985757e+01 1.97889604794798988e-14
2.16333896447713171e-05 4.03411863797909618e+01 2.06915317934081521e-14
2.18781084294288602e-05 4.07814563327899933e+01 2.16352690732788037e-14
2.21255954942564404e-05 4.12265309166410958e+01 2.26220498730255727e-14
2.23758821542800356e-05 4.16764625529191903e+01 2.36538373798417000e-14
2.26290000787639265e-05 4.21313042347819717e+01 2.47326843197676696e-14
2.28849812952179076e-05 4.25911095331899361e+01 2.58607370414023765e-14
2.31438581934496151e-05 4.30559326031930638e+01 2.70402397858601181e-14
2.34056635296631874e-05 4.35258281902866386e+01 2.82735391514706616e-14
2.36704304306036000e-05 4.40008516368343194e+01 2.95630887620982201e-14
2.39381923977486018e-05 4.44810588885619609e+01 3.09114541483720335e-14
2.42089833115475085e-05 4.49665065011206835e+01 3.23213178515326076e-14
2.44828374357082898e-05 4.54572516467213816e+01 3.37954847600501816e-14
2.47597894215327966e-05 4.59533521208403570e+01 3.53368876896277912e-14
2.50398743123016265e-05 4.64548663489981664e+01 3.69485932176931441e-14
2.53231275477078095e-05 4.69618533936106815e+01 3.86338077839784032e-14
2.56095849683414170e-05 4.74743729609150051e+01 4.03958840693307632e-14
2.58992828202243429e-05 4.79924854079694754e+01 4.22383276654353209e-14
2.61922577593966305e-05 4.85162517497294488e+01 4.41648040487217639e-14
2.64885468565546900e-05 4.90457336661994248e+01 4.61791458723255581e-14
2.67881876017417669e-05 4.95809935096620009e+01 4.82853605906070309e-14
2.70912179090917264e-05 5.01220943119849949e+01 5.04876384313970336e-14
2.73976761216265329e-05 5.06690997920076711e+01 5.27903607318264320e-14
2.77076010161076849e-05 5.12220743630055892e+01 5.51981086543166332e-14
2.80210318079427864e-05 5.17810831402368095e+01 5.77156723000732746e-14
2.83380081561475971e-05 5.23461919485686664e+01 6.03480602382072902e-14
2.86585701683639342e-05 5.29174673301867173e+01 6.31005094694367048e-14
2.89827584059349850e-05 5.34949765523874348e+01 6.59784958441941584e-14
2.93106138890371374e-05 5.40787876154532796e+01 6.89877449558502447e-14
2.96421781018707607e-05 5.46689692606140341e+01 7.21342435307342234e-14
2.99774929979090481e-05 5.52655909780924262e+01 7.54242513375944446e-14
3.03166010052065894e-05 5.58687230152370091e+01 7.88643136401950481e-14
3.06595450317676284e-05 5.64784363847415563e+01 8.24612742178105866e-14
3.10063684709757442e-05 5.70948028729543111e+01 8.62222889795273639e-14
3.13571152070839763e-05 5.77178950482741300e+01 9.01548401994118559e-14
3.17118296207680476e-05 5.83477862696390872e+01 9.42667514008816023e-14
3.20705565947416806e-05 5.89845506951043532e+01 9.85662029198630904e-14
3.24333415194357641e-05 5.96282632905128693e+01 1.03061748177703647e-13
3.28002302987417512e-05 6.02789998382589474e+01 1.07762330696198334e-13
3.31712693558196901e-05 6.09368369461450783e+01 1.12677301888569824e-13
3.35465056389727361e-05 6.16018520563348062e+01 1.17816439661799231e-13
3.39259866275870683e-05 6.22741234544000122e+01 1.23189967867283262e-13
3.43097603381399964e-05 6.29537302784663169e+01 1.28808576638528616e-13
3.46978753302753344e-05 6.36407525284552449e+01 1.34683443656309887e-13
3.50903807129478932e-05 6.43352710754259647e+01 1.40826256383599616e-13
3.54873261506370163e-05 6.50373676710158435e+01 1.47249235314478147e-13
3.58887618696312520e-05 6.57471249569833844e+01 1.53965158283282198e-13
3.62947386643830118e-05 6.64646264748512010e+01 1.60987385882307463e-13
3.67053079039361750e-05 6.71899566756534909e+01 1.68329888038648727e-13
3.71205215384256363e-05 6.79232009297863755e+01 1.76007271803004555e-13
3.75404321056507361e-05 6.86644455369636688e+01 1.84034810405728434e-13
3.79650927377230658e-05 6.94137777362786323e+01 1.92428473637905502e-13
3.83945571677891045e-05 7.01712857163727222e+01 2.01204959617868337e-13
3.88288797368293591e-05 7.09370586257125382e+01 2.10381728006337065e-13
3.92681154005343949e-05 7.17111865829767652e+01 2.19977034736234017e-13
3.97123197362582439e-05 7.24937606875523386e+01 2.30009968326226424e-13
4.01615489500508117e-05 7.32848730301427622e+01 2.40500487850227195e-13
4.06158598837697959e-05 7.40846167034893455e+01 2.51469462638355126e-13
4.10753100222726876e-05 7.48930858132048769e+01 2.62938713788290993e-13
4.15399575006910154e-05 7.57103754887243525e+01 2.74931057569611899e-13
4.20098611117856408e-05 7.65365818943689646e+01 2.87470350807360121e-13
4.24850803133864927e-05 7.73718022405301014e+01 3.00581538335158025e-13
4.29656752359155615e-05 7.82161347949693919e+01 3.14290702612170960e-13
4.34517066899954910e-05 7.90696788942396012e+01 3.28625115602619970e-13
4.39432361741437074e-05 7.99325349552248099e+01 3.43613293020973142e-13
4.44403258825545584e-05 8.08048044868049402e+01 3.59285051050726372e-13
4.49430387129681879e-05 8.16865901016399789e+01 3.75671565649479123e-13
4.54514382746297051e-05 8.25779955280815869e+01 3.92805434558310836e-13
4.59655888963374337e-05 8.34791256222080165e+01 4.10720742138682071e-13
4.64855556345826688e-05 8.43900863799867409e+01 4.29453127165820962e-13
4.70114042817814743e-05 8.53109849495647268e+01 4.49039853713375518e-13
4.75432013745991810e-05 8.62419296436874134e+01 4.69519885270252808e-13
4.80810142023700227e-05 8.71830299522495267e+01 4.90933962237059735e-13
4.86249108156106507e-05 8.81343965549751829e+01 5.13324682956136102e-13
4.91749600346313824e-05 8.90961413342334509e+01 5.36736588436391013e-13
4.97312314582437612e-05 9.00683773879862883e+01 5.61216250941289695e-13
5.02937954725672461e-05 9.10512190428727166e+01 5.86812366616179825e-13
5.08627232599348820e-05 9.20447818674290374e+01 6.13575852339062425e-13
5.14380868079008786e-05 9.30491826854485993e+01 6.41559946987423674e-13
5.20199589183484916e-05 9.40645395894786134e+01 6.70820317322330737e-13
5.26084132167025357e-05 9.50909719544600449e+01 7.01415168700433880e-13
5.32035241612449243e-05 9.61286004515076797e+01 7.33405360833831913e-13
5.38053670525361153e-05 9.71775470618342183e+01 7.66854528828007896e-13
5.44140180429431816e-05 9.82379350908189650e+01 8.01829209738418021e-13
5.50295541462751699e-05 9.93098891822219798e+01 8.38398974897284157e-13
5.56520532475280181e-05 1.00393535332546108e+02 8.76636568273683642e-13
5.62815941127397569e-05 1.01489000905547826e+02 9.16618051141939669e-13
5.69182563989565498e-05 1.02596414646897273e+02 9.58422953345837491e-13
5.75621206643120065e-05 1.03715906698990210e+02 1.00213443145939284e-12
5.82132683782204716e-05 1.04847608615912648e+02 1.04783943415851504e-12
5.88717819316850158e-05 1.05991653378558951e+02 1.09562887513222046e-12
5.95377446477233957e-05 1.07148175409907196e+02 1.14559781387719800e-12
6.02112407919100961e-05 1.08317310590448884e+02 1.19784564473484485e-12
6.08923555830394797e-05 1.09499196273779191e+02 1.25247629454672984e-12
6.15811752039081904e-05 1.10693971302345744e+02 1.30959842932110054e-12
6.22777868122202763e-05 1.11901776023358508e+02 1.36932567032128683e-12
6.29822785516149754e-05 1.13122752304861876e+02 1.43177682000535580e-12
6.36947395628204932e-05 1.14357043551972339e+02 1.49707609826617520e-12
6.44152599949322395e-05 1.15604794723278488e+02 1.56535338944109535e-12
6.51439310168203562e-05 1.16866152347410917e+02 1.63674450058241525e-12
6.58808448286651003e-05 1.18141264539778078e+02 1.71139143150158615e-12
6.66260946736231573e-05 1.19430281019472233e+02 1.78944265712389634e-12
6.73797748496260510e-05 1.20733353126346969e+02 1.87105342271467016e-12
6.81419807213113005e-05 1.22050633838265867e+02 1.95638605256349578e-12
6.89128087320900245e-05 1.23382277788527105e+02 2.04561027274003105e-12
6.96923564163490537e-05 1.24728441283460342e+02 2.13890354856230813e-12
7.04807224117931085e-05 1.26089282320203580e+02 2.23645143744844687e-12
7.12780064719250510e-05 1.27464960604655573e+02 2.33844795785240458e-12
7.20843094786681931e-05 1.28855637569609257e+02 2.44509597501700188e-12
7.28997334551305008e-05 1.30261476393064612e+02 2.55660760431034465e-12
7.37243815785147851e-05 1.31682642016726817e+02 2.67320463294722437e-12
7.45583581931727544e-05 1.33119301164684117e+02 2.79511896093272712e-12
7.54017688238089431e-05 1.34571622362275235e+02 2.92259306210456417e-12
7.62547201888323769e-05 1.36039775955140556e+02 3.05588046618937009e-12
7.71173202138599991e-05 1.37523934128461917e+02 3.19524626283079672e-12
7.79896780453728745e-05 1.39024270926393399e+02 3.34096762859044116e-12
7.88719040645262419e-05 1.40540962271680343e+02 3.49333437796815075e-12
7.97641099011165452e-05 1.42074185985473349e+02 3.65264953953633361e-12
8.06664084477065277e-05 1.43624121807334916e+02 3.81922995833233495e-12
8.15789138739092567e-05 1.45190951415440907e+02 3.99340692570504009e-12
8.25017416408343725e-05 1.46774858446978470e+02 4.17552683786669089e-12
8.34350085156978344e-05 1.48376028518742771e+02 4.36595188445759161e-12
8.43788325865959643e-05 1.49994649247930909e+02 4.56506076849070289e-12
8.53333332774485712e-05 1.51630910273139733e+02 4.77324945910626513e-12
8.62986313631085425e-05 1.53285003275561621e+02 4.99093197863009055e-12
8.72748489846449739e-05 1.54957122000387074e+02 5.21854122549922975e-12
8.82621096647970895e-05 1.56647462278409336e+02 5.45652983468782046e-12
8.92605383236043577e-05 1.58356222047836440e+02 5.70537107734195407e-12
9.02702612942119631e-05 1.60083601376308621e+02 5.96555980140886283e-12
9.12914063388574223e-05 1.61829802483127310e+02 6.23761341512846986e-12
9.23241026650349807e-05 1.63595029761689347e+02 6.52207291533817337e-12
9.33684809418459098e-05 1.65379489802137101e+02 6.81950396263342694e-12
9.44246733165314929e-05 1.67183391414216572e+02 7.13049800551660767e-12
9.54928134311941061e-05 1.69006945650351128e+02 7.45567345576612040e-12
9.65730364397074240e-05 1.70850365828929483e+02 7.79567691735797680e-12
9.76654790248168638e-05 1.72713867557807191e+02 8.15118447137817855e-12
9.87702794154357669e-05 1.74597668758029670e+02 8.52290301947669987e-12
9.98875774041341500e-05 1.76501989687767065e+02 8.91157168852689902e-12
1.01017514364828330e-04 1.78427052966473781e+02 9.31796329927941451e-12
1.02160233270668580e-04 1.80373083599264390e+02 9.74288590192251997e-12
1.03315878712129667e-04 1.82340309001511258e+02 1.01871843815961158e-11
1.04484596915306366e-04 1.84328959023664964e+02 1.06517421370441827e-11
1.05666535760416081e-04 1.86339265976298236e+02 1.11374828357354310e-11
1.06861844800509759e-04 1.88371464655371398e+02 1.16453722489327841e-11
1.08070675280395485e-04 1.90425792367724739e+02 1.21764201703521360e-11
1.09293180155776065e-04 1.92502488956796725e+02 1.27316824222149914e-11
1.10529514112602098e-04 1.94601796828566108e+02 1.33122629526726381e-11
1.11779833586645526e-04 1.96723960977724573e+02 1.39193160287620310e-11
1.13044296783293047e-04 1.98869229014074335e+02 1.45540485292401223e-11
1.14323063697564404e-04 2.01037851189156015e+02 1.52177223418435586e-11
1.15616296134357283e-04 2.03230080423105903e+02 1.59116568697259779e-11
1.16924157728919966e-04 2.05446172331740939e+02 1.66372316520406674e-11
1.18246813967557370e-04 2.07686385253877233e+02 1.73958891038646633e-11
1.19584432208569538e-04 2.09950980278875988e+02 1.81891373808929133e-11
1.20937181703428140e-04 2.12240221274422424e+02 1.90185533745814001e-11
1.22305233618192542e-04 2.14554374914536851e+02 1.98857858436742500e-11
1.23688761055167155e-04 2.16893710707815302e+02 2.07925586883191666e-11
1.25087939074804670e-04 2.19258501025903598e+02 2.17406743732594890e-11
1.26502944717857209e-04 2.21649021132204837e+02 2.27320175068845920e-11
1.27933957027776929e-04 2.24065549210815561e+02 2.37685585832273919e-11
1.29381157073371020e-04 2.26508366395697578e+02 2.48523578943230022e-11
1.30844727971713234e-04 2.28977756800081096e+02 2.59855696206765787e-11
1.32324854911312982e-04 2.31474007546098022e+02 2.71704461079400782e-11
1.33821725175548793e-04 2.33997408794650141e+02 2.84093423382695372e-11
1.35335528166364612e-04 2.36548253775505970e+02 2.97047206052128884e-11
1.36866455428235679e-04 2.39126838817630585e+02 3.10591554013867595e-11
1.38414700672405357e-04 2.41733463379745530e+02 3.24753385286165600e-11
1.39980459801394901e-04 2.44368430081118134e+02 3.39560844406543436e-11
1.41563930933792496e-04 2.47032044732581539e+02 3.55043358290511152e-11
1.43165314429320609e-04 2.49724616367780953e+02 3.71231694632345046e-11
1.44784812914188236e-04 2.52446457274650299e+02 3.88158022963510720e-11
1.46422631306730201e-04 2.55197883027114329e+02 4.05855978489525848e-11
1.48078976843334819e-04 2.57979212517014616e+02 4.24360728831533317e-11
1.49754059104666517e-04 2.60790767986262836e+02 4.43709043804636447e-11
1.51448090042184853e-04 2.63632875059215337e+02 4.63939368370984546e-11
1.53161284004962227e-04 2.66505862775268497e+02 4.85091898911867040e-11
1.54893857766806445e-04 2.69410063621675079e+02 5.07208662969658947e-11
1.56646030553689899e-04 2.72345813566578954e+02 5.30333602617255464e-11
1.58418024071487628e-04 2.75313452092264242e+02 5.54512661619782365e-11
1.60210062534031460e-04 2.78313322228620905e+02 5.79793876560904566e-11
1.62022372691479052e-04 2.81345770586819185e+02 6.06227472113760881e-11
1.63855183859005598e-04 2.84411147393197325e+02 6.33865960644833039e-11
1.65708727945820003e-04 2.87509806523353916e+02 6.62764246347506591e-11
1.67583239484507594e-04 2.90642105536444603e+02 6.92979734111009146e-11
1.69478955660707422e-04 2.93808405709682290e+02 7.24572443339810222e-11
1.71396116343122511e-04 2.97009072073033281e+02 7.57605126948175525e-11
1.73334964113871641e-04 3.00244473444110611e+02 7.92143395764896154e-11
1.75295744299184007e-04 3.03514982463259400e+02 8.28255848593756679e-11
1.77278705000439977e-04 3.06820975628829217e+02 8.66014208186442597e-11
1.79284097125564305e-04 3.10162833332631124e+02 9.05493463396269927e-11
1.81312174420774551e-04 3.13540939895578447e+02 9.46772017793226269e-11
1.83363193502686963e-04 3.16955683603498017e+02 9.89931845033461510e-11
1.85437413890787305e-04 3.20407456743118416e+02 1.03505865128977656e-10
1.87535098040268869e-04 3.23896655638224274e+02 1.08224204506339819e-10
1.89656511375240183e-04 3.27423680685970226e+02 1.13157571471183972e-10
1.91801922322311071e-04 3.30988936393357108e+02 1.18315761404292241e-10
1.93971602344555991e-04 3.34592831413853219e+02 1.23709015634064040e-10
1.96165825975863297e-04 3.38235778584168770e+02 1.29348041720534463e-10
1.98384870855673127e-04 3.41918194961166080e+02 1.35244034660783027e-10
2.00629017764106314e-04 3.45640501858904145e+02 1.41408699057501058e-10
2.02898550657493637e-04 3.49403124885813781e+02 1.47854272294388742e-10
2.05193756704303979e-04 3.53206493981988785e+02 1.54593548763999871e-10
2.07514926321480898e-04 3.57051043456595437e+02 1.61639905195742999e-10
2.09862353211190281e-04 3.60937212025385918e+02 1.69007327133882318e-10
2.12236334397981885e-04 3.64865442848310579e+02 1.76710436617636838e-10
2.14637170266372912e-04 3.68836183567220189e+02 1.84764521117839642e-10
2.17065164598857042e-04 3.72849886343654589e+02 1.93185563787070403e-10
2.19520624614341273e-04 3.76907007896697849e+02 2.01990275082732151e-10
2.22003861007019583e-04 3.81008009540903799e+02 2.11196125825256110e-10
2.24515187985686372e-04 3.85153357224276363e+02 2.20821381756399888e-10
2.27054923313492311e-04 3.89343521566289212e+02 2.30885139665533270e-10
2.29623388348153420e-04 3.93578977895950572e+02 2.41407365154902592e-10
2.32220908082611381e-04 3.97860206289881205e+02 2.52408932118008832e-10
2.34847811186156356e-04 4.02187691610416323e+02 2.63911664008640833e-10
2.37504430046014812e-04 4.06561923543702790e+02 2.75938376981548876e-10
2.40191100809405370e-04 4.10983396637788587e+02 2.88512924989412679e-10
2.42908163426074281e-04 4.15452610340692559e+02 3.01660246924591542e-10
2.45655961691308082e-04 4.19970069038434644e+02 3.15406415898079922e-10
2.48434843289435583e-04 4.24536282093023146e+02 3.29778690752314490e-10
2.51245159837821619e-04 4.29151763880378041e+02 3.44805569908782850e-10
2.54087266931356422e-04 4.33817033828177046e+02 3.60516847655936760e-10
2.56961524187450711e-04 4.38532616453614139e+02 3.76943672987688438e-10
2.59868295291539172e-04 4.43299041401051568e+02 3.94118611107693731e-10
2.62807948043097199e-04 4.48116843479547811e+02 4.12075707719811403e-10
2.65780854402179669e-04 4.52986562700251341e+02 4.30850556230570342e-10
2.68787390536486817e-04 4.57908744313639716e+02 4.50480367995102662e-10
2.71827936868959457e-04 4.62883938846580918e+02 4.71004045743891956e-10
2.74902878125916970e-04 4.67912702139214332e+02 4.92462260333930135e-10
2.78012603385735481e-04 4.72995595381614294e+02 5.14897530974210425e-10
2.81157506128079421e-04 4.78133185150230020e+02 5.38354309082325493e-10
2.84337984283690426e-04 4.83326043444079119e+02 5.62879065935914017e-10
2.87554440284735894e-04 4.88574747720667290e+02 5.88520384290023549e-10
2.90807281115732332e-04 4.93879880931626644e+02 6.15329054139230077e-10
2.94096918365039381e-04 4.99242031558034057e+02 6.43358172811223517e-10
2.97423768276940061e-04 5.04661793645402554e+02 6.72663249587090808e-10
3.00788251804309900e-04 5.10139766838313221e+02 7.03302315052167401e-10
3.04190794661878916e-04 5.15676556414663992e+02 7.35336035390474831e-10
3.07631827380099271e-04 5.21272773319515068e+02 7.68827831845363714e-10
3.11111785359621882e-04 5.26929034198503928e+02 8.03844005578874064e-10
3.14631108926386794e-04 5.32645961430798366e+02 8.40453868172725871e-10
3.18190243387339404e-04 5.38424183161568749e+02 8.78729878024792794e-10
3.21789639086776831e-04 5.44264333333946524e+02 9.18747782906179340e-10
3.25429751463328918e-04 5.50167051720440099e+02 9.60586768955876768e-10
3.29111041107588024e-04 5.56132983953782173e+02 1.00432961640242933e-09
3.32833973820386515e-04 5.62162781557170774e+02 1.05006286231481936e-09
3.36599020671736113e-04 5.68257101973883209e+02 1.09787697069842755e-09
3.40406658060434615e-04 5.74416608596221749e+02 1.14786651026591050e-09
3.44257367774342983e-04 5.80641970793759697e+02 1.20013034022753188e-09
3.48151637051349763e-04 5.86933863940859624e+02 1.25477180446098831e-09
3.52089958641019847e-04 5.93292969443416268e+02 1.31189893443657968e-09
3.56072830866944014e-04 5.99719974764803283e+02 1.37162466129056072e-09
3.60100757689793907e-04 6.06215573450976308e+02 1.43406703745682642e-09
3.64174248771086996e-04 6.12780465154693161e+02 1.49934946828533763e-09
3.68293819537676226e-04 6.19415355658821795e+02 1.56760095409490110e-09
3.72459991246968953e-04 6.26120956898686472e+02 1.63895634312764178e-09
3.76673291052880585e-04 6.32897986983413261e+02 1.71355659589330011e-09
3.80934252072537413e-04 6.39747170216234849e+02 1.79154906141329436e-09
3.85243413453734151e-04 6.46669237113709642e+02 1.87308776589697445e-09
3.89601320443150746e-04 6.53664924423806724e+02 1.95833371440610986e-09
3.94008524455346501e-04 6.60734975142819962e+02 2.04745520608851377e-09
3.98465583142529030e-04 6.67880138531051784e+02 2.14062816358710797e-09
4.02973060465116250e-04 6.75101170127228443e+02 2.23803647725794000e-09
4.07531526763096398e-04 6.82398831761596512e+02 2.33987236485849276e-09
4.12141558828191766e-04 6.89773891567637293e+02 2.44633674739683433e-09
4.16803739976844380e-04 6.97227123992369002e+02 2.55763964186301869e-09
4.21518660124021321e-04 7.04759309805160683e+02 2.67400057159553206e-09
4.26286915857859011e-04 7.12371236105017942e+02 2.79564899506931042e-09
4.31109110515152146e-04 7.20063696326283207e+02 2.92282475392630243e-09
4.35985854257692370e-04 7.27837490242682179e+02 3.05577854110567503e-09
4.40917764149474417e-04 7.35693423969669084e+02 3.19477238996888459e-09
4.45905464234776076e-04 7.43632309965013860e+02 3.34008018535404261e-09
4.50949585617116942e-04 7.51654967027549219e+02 3.49198819753497024e-09
4.56050766539114300e-04 7.59762220294039253e+02 3.65079564010375023e-09
4.61209652463243070e-04 7.67954901234091267e+02 3.81681525283996602e-09
4.66426896153503709e-04 7.76233847643041827e+02 3.99037391067649104e-09
4.71703157758021781e-04 7.84599903632768587e+02 4.17181325992099839e-09
4.77039104892574455e-04 7.93053919620330475e+02 4.36149038294230423e-09
4.82435412725066551e-04 8.01596752314391779e+02 4.55977849258461913e-09
4.87892764060962418e-04 8.10229264699347823e+02 4.76706765762752738e-09
4.93411849429679287e-04 8.18952326017068799e+02 4.98376556066715727e-09
4.98993367171965125e-04 8.27766811746211829e+02 5.21029828985491182e-09
5.04638023528257537e-04 8.36673603578993266e+02 5.44711116599176675e-09
5.10346532728047611e-04 8.45673589395369504e+02 5.69466960654278897e-09
5.16119617080253862e-04 8.54767663234536371e+02 5.95346002820399419e-09
5.21958007064614619e-04 8.63956725263654562e+02 6.22399078972493405e-09
5.27862441424118648e-04 8.73241681743742106e+02 6.50679317676523135e-09
5.33833667258480941e-04 8.82623444992627697e+02 6.80242243063999588e-09
5.39872440118672244e-04 8.92102933344885400e+02 7.11145882288994519e-09
5.45979524102520970e-04 9.01681071108667538e+02 7.43450877769660241e-09
5.52155691951398877e-04 9.11358788519344444e+02 7.77220604425033246e-09
5.58401725147992796e-04 9.21137021689846733e+02 8.12521292127000978e-09
5.64718414015191782e-04 9.31016712557639948e+02 8.49422153596979107e-09
5.71106557816084600e-04 9.40998808828215942e+02 8.87995517986610763e-09
5.77566964855093560e-04 9.51084263915015072e+02 9.28316970392311976e-09
5.84100452580252729e-04 9.61274036875683350e+02 9.70465497564209762e-09
5.90707847686636699e-04 9.71569092344549176e+02 1.01452364008123196e-08
5.97389986220969401e-04 9.81970400461245845e+02 1.06057765127600127e-08
6.04147713687405914e-04 9.92478936795339337e+02 1.10871766320516063e-08
6.10981885154518066e-04 1.00309568226689521e+03 1.15903785997375536e-08
6.17893365363489356e-04 1.01382162306285090e+03 1.21163665873538512e-08
6.24883028837529058e-04 1.02465775054909204e+03 1.26661689870370723e-08
6.31951759992528824e-04 1.03560506117813043e+03 1.32408603852536438e-08
6.39100453248971859e-04 1.04666455639226479e+03 1.38415636237933514e-08
6.46330013145101625e-04 1.05783724252211027e+03 1.44694519518331362e-08
6.53641354451376831e-04 1.06912413068038472e+03 1.51257512730415099e-08
6.61035402286221183e-04 1.08052623665084138e+03 1.58117424918624935e-08
6.68513092233075697e-04 1.09204458077221216e+03 1.65287639632941576e-08
6.76075370458785441e-04 1.10368018781706769e+03 1.72782140506634093e-08
6.83723193833314972e-04 1.11543408686544240e+03 1.80615537960866250e-08
6.91457530050825094e-04 1.12730731117313326e+03 1.88803097085091793e-08
6.99279357752119186e-04 1.13930089803452756e+03 1.97360766744221346e-08
7.07189666648467543e-04 1.15141588863983907e+03 2.06305209965712147e-08
7.15189457646843571e-04 1.16365332792663003e+03 2.15653835662003692e-08
7.23279742976564886e-04 1.17601426442548291e+03 2.25424831746034503e-08
7.31461546317375326e-04 1.18849975009970512e+03 2.35637199700055461e-08
7.39735902928975340e-04 1.20111084017892699e+03 2.46310790660469997e-08
7.48103859782010524e-04 1.21384859298645188e+03 2.57466343084077447e-08
7.56566475690549850e-04 1.22671406976024969e+03 2.69125522063875949e-08
7.65124821446061076e-04 1.23970833446744518e+03 2.81310960365419705e-08
7.73779979952895895e-04 1.25283245361215336e+03 2.94046301257707165e-08
7.82533046365314444e-04 1.26608749603655565e+03 3.07356243215710993e-08
7.91385128226059138e-04 1.27947453271505628e+03 3.21266586574855461e-08
8.00337345606489097e-04 1.29299463654138526e+03 3.35804282221110286e-08
8.09390831248311287e-04 1.30664888210852473e+03 3.50997482403901498e-08
8.18546730706902937e-04 1.32043834548128893e+03 3.66875593762607097e-08
8.27806202496263188e-04 1.33436410396145857e+03 3.83469332661262188e-08
8.37170418235604931e-04 1.34842723584528903e+03 4.00810782929973902e-08
8.46640562797595919e-04 1.36262882017327843e+03 4.18933456115648396e-08
8.56217834458290164e-04 1.37696993647205340e+03 4.37872354348923700e-08
8.65903445048741898e-04 1.39145166448820692e+03 4.57664035938545086e-08
8.75698620108343530e-04 1.40607508391398005e+03 4.78346683809105621e-08
8.85604599039898320e-04 1.42084127410462952e+03 4.99960176902794702e-08
8.95622635266439277e-04 1.43575131378733636e+03 5.22546164670765429e-08
9.05753996389829503e-04 1.45080628076152243e+03 5.46148144784937459e-08
9.15999964351157437e-04 1.46600725159043873e+03 5.70811544206387085e-08
9.26361835592937944e-04 1.48135530128387404e+03 5.96583803752032422e-08
9.36840921223156225e-04 1.49685150297185055e+03 6.23514466307178355e-08
9.47438547181167663e-04 1.51249692756917966e+03 6.51655268837457942e-08
9.58156054405465314e-04 1.52829264343071168e+03 6.81060238359949882e-08
9.68994799003358958e-04 1.54423971599718743e+03 7.11785792039836785e-08
9.79956152422559092e-04 1.56033920743150316e+03 7.43890841585576647e-08
9.91041501624712268e-04 1.57659217624530743e+03 7.77436902122728341e-08
1.00225224926089808e-03 1.59299967691577126e+03 8.12488205733738444e-08
1.01358981384910385e-03 1.60956275949239102e+03 8.49111819858572863e-08
1.02505562995372024e-03 1.62628246919374169e+03 8.87377770759018633e-08
1.03665114836704844e-03 1.64315984599398575e+03 9.27359172257447433e-08
1.04837783629288376e-03 1.66019592419909895e+03 9.69132359969547162e-08
1.06023717753215901e-03 1.67739173201261860e+03 1.01277703125903278e-07
1.07223067267068540e-03 1.69474829109082452e+03 1.05837639115162797e-07
1.08435983926903818e-03 1.71226661608727341e+03 1.10601730445512847e-07
1.09662621205456712e-03 1.72994771418650566e+03 1.15579045434190316e-07
1.10903134311559379e-03 1.74779258462688131e+03 1.20779050766067948e-07
1.12157680209779118e-03 1.76580221821239184e+03 1.26211628725476248e-07
1.13426417640280692e-03 1.78397759681340290e+03 1.31887095157506063e-07
1.14709507138911456e-03 1.80231969285617333e+03 1.37816218188732220e-07
1.16007111057513492e-03 1.82082946880108648e+03 1.44010237738501732e-07
1.17319393584467790e-03 1.83950787660954620e+03 1.50480885853155476e-07
1.18646520765468538e-03 1.85835585719937308e+03 1.57240407896786304e-07
1.19988660524532548e-03 1.87737433988868497e+03 1.64301584633481950e-07
1.21345982685248455e-03 1.89656424182820615e+03 1.71677755237361444e-07
1.22718658992264080e-03 1.91592646742187617e+03 1.79382841268090551e-07
1.24106863133016882e-03 1.93546190773574335e+03 1.87431371651057504e-07
1.25510770759712465e-03 1.95517143989511214e+03 1.95838508702905262e-07
1.26930559511549234e-03 1.97505592646983814e+03 2.04620075244647305e-07
1.28366409037195895e-03 1.99511621484779357e+03 2.13792582846266627e-07
1.29818501017521688e-03 2.01535313659641315e+03 2.23373261248339014e-07
1.31287019188586489e-03 2.03576750681238468e+03 2.33380089008013853e-07
1.32772149364888460e-03 2.05636012345936570e+03 2.43831825418423883e-07
1.34274079462874674e-03 2.07713176669378254e+03 2.54748043752517328e-07
1.35792999524720227e-03 2.09808319817873416e+03 2.66149165884239901e-07
1.37329101742373846e-03 2.11921516038594200e+03 2.78056498341943010e-07
1.38882580481875417e-03 2.14052837588580815e+03 2.90492269851016147e-07
1.40453632307951243e-03 2.16202354662564676e+03 3.03479670424892726e-07
1.42042456008884899e-03 2.18370135319605288e+03 3.17042892065729645e-07
1.43649252621669450e-03 2.20556245408550285e+03 3.31207171138417486e-07
1.45274225457446755e-03 2.22760748492326957e+03 3.45998832483950156e-07
1.46917580127232006e-03 2.24983705771068207e+03 3.61445335340576188e-07
1.48579524567929162e-03 2.27225176004081732e+03 3.77575321143741959e-07
1.50260269068643471e-03 2.29485215430677272e+03 3.94418663278477091e-07
1.51960026297288790e-03 2.31763877689855599e+03 4.12006518860497399e-07
1.53679011327495963e-03 2.34061213738874994e+03 4.30371382625179288e-07
1.55417441665828401e-03 2.36377271770710695e+03 4.49547143006455302e-07
1.57175537279302408e-03 2.38712097130417169e+03 4.69569140490585488e-07
1.58953520623220513e-03 2.41065732230412050e+03 4.90474228332948755e-07
1.60751616669318142e-03 2.43438216464698417e+03 5.12300835729110621e-07
1.62570052934231379e-03 2.45829586122046521e+03 5.35089033534797011e-07
1.64409059508284386e-03 2.48239874298151881e+03 5.58880602632695600e-07
1.66268869084602042e-03 2.50669110806790695e+03 5.83719105047596341e-07
1.68149716988555105e-03 2.53117322090003609e+03 6.09649957915032765e-07
1.70051841207535370e-03 2.55584531127323544e+03 6.36720510412196775e-07
1.71975482421067713e-03 2.58070757344076219e+03 6.64980123763864144e-07
1.73920884031265681e-03 2.60576016518789493e+03 6.94480254440070598e-07
1.75888292193628775e-03 2.63100320689728869e+03 7.25274540666235075e-07
1.77877955848187845e-03 2.65643678060597949e+03 7.57418892370786733e-07
1.79890126751006000e-03 2.68206092905439846e+03 7.90971584699735582e-07
1.81925059506032557e-03 2.70787565472764845e+03 8.25993355231953032e-07
1.83983011597319197e-03 2.73388091888950794e+03 8.62547505033764275e-07
1.86064243421598416e-03 2.76007664060947400e+03 9.00700003696066817e-07
1.88169018321234362e-03 2.78646269578331248e+03 9.40519598502279399e-07
1.90297602617542881e-03 2.81303891614748818e+03 9.82077927880275352e-07
1.92450265644488589e-03 2.83980508828790471e+03 1.02544963929683605e-06
1.94627279782766415e-03 2.86676095264350897e+03 1.07071251175856622e-06
1.96828920494265510e-03 2.89390620250510574e+03 1.11794758308852240e-06
1.99055466356922502e-03 2.92124048300996628e+03 1.16723928215370536e-06
2.01307199099973275e-03 2.94876339013275219e+03 1.21867556622444040e-06
2.03584403639599102e-03 2.97647446967324868e+03 1.27234806365245830e-06
2.05887368114976866e-03 3.00437321624146261e+03 1.32835222206092006e-06
2.08216383924739960e-03 3.03245907224073790e+03 1.38678746224600595e-06
2.10571745763848484e-03 3.06073142684939648e+03 1.44775733799601298e-06
2.12953751660876307e-03 3.08918961500153819e+03 1.51136970204084757e-06
2.15362703015723736e-03 3.11783291636772901e+03 1.57773687835179999e-06
2.17798904637752895e-03 3.14666055433608835e+03 1.64697584101824657e-06
2.20262664784354667e-03 3.17567169499456031e+03 1.71920839993558269e-06
2.22754295199955633e-03 3.20486544611505178e+03 1.79456139354615686e-06
2.25274111155462009e-03 3.23424085614011892e+03 1.87316688888239517e-06
2.27822431488152333e-03 3.26379691317296374e+03 1.95516238916959270e-06
2.30399578642018774e-03 3.29353254397148839e+03 2.04069104925366375e-06
2.33005878708569510e-03 3.32344661294724438e+03 2.12990189912783753e-06
2.35641661468088005e-03 3.35353792116995828e+03 2.22295007584030707e-06
2.38307260431359696e-03 3.38380520537854318e+03 2.31999706407408040e-06
2.41003012881874350e-03 3.41424713699943823e+03 2.42121094569922824e-06
2.43729259918501993e-03 3.44486232117307372e+03 2.52676665860654723e-06
2.46486346498651226e-03 3.47564929578933607e+03 2.63684626514148490e-06
2.49274621481920290e-03 3.50660653053303395e+03 2.75163923046696191e-06
2.52094437674237623e-03 3.53773242594012299e+03 2.87134271119306842e-06
2.54946151872501373e-03 3.56902531246571834e+03 2.99616185462230506e-06
2.57830124909728779e-03 3.60048344956483288e+03 3.12631010896944601e-06
2.60746721700711153e-03 3.63210502478677608e+03 3.26200954492521468e-06
2.63696311288188091e-03 3.66388815288418436e+03 3.40349118894447637e-06
2.66679266889541071e-03 3.69583087493772291e+03 3.55099536865035412e-06
2.69695965944020781e-03 3.72793115749744538e+03 3.70477207075758605e-06
2.72746790160503533e-03 3.76018689174183510e+03 3.86508131192936130e-06
2.75832125565787876e-03 3.79259589265553359e+03 4.03219352299436768e-06
2.78952362553442756e-03 3.82515589822691027e+03 4.20638994696314828e-06
2.82107895933203295e-03 3.85786456866642629e+03 4.38796305129444313e-06
2.85299124980924711e-03 3.89071948564690638e+03 4.57721695487566803e-06
2.88526453489107307e-03 3.92371815156687308e+03 4.77446787019482044e-06
2.91790289817987162e-03 3.95685798883793314e+03 4.98004456119337501e-06
2.95091046947205168e-03 3.99013633919737640e+03 5.19428881730418474e-06
2.98429142528065577e-03 4.02355046304716370e+03 5.41755594419227974e-06
3.01804998936380450e-03 4.05709753882030100e+03 5.65021527172950855e-06
3.05219043325912062e-03 4.09077466237580484e+03 5.89265067974936566e-06
3.08671707682424846e-03 4.12457884642344561e+03 6.14526114214301233e-06
3.12163428878343974e-03 4.15850701997927990e+03 6.40846128987135233e-06
3.15694648728031451e-03 4.19255602785320661e+03 6.68268199348428579e-06
3.19265814043693651e-03 4.22672263016969737e+03 6.96837096575385475e-06
3.22877376691914960e-03 4.26100350192279529e+03 7.26599338504257062e-06
3.26529793650834430e-03 4.29539523256655684e+03 7.57603254004563375e-06
3.30223527067965593e-03 4.32989432564205345e+03 7.89899049656106057e-06
3.33959044318676759e-03 4.36449719844217543e+03 8.23538878695970330e-06
3.37736818065327181e-03 4.39920018171521224e+03 8.58576912304204580e-06
3.41557326317071643e-03 4.43399951940845676e+03 8.95069413298760062e-06
3.45421052490348232e-03 4.46889136845296889e+03 9.33074812312012839e-06
3.49328485470043774e-03 4.50387179859051412e+03 9.72653786522805896e-06
3.53280119671351214e-03 4.53893679224385960e+03 1.01386934101991786e-05
3.57276455102333501e-03 4.57408224443154904e+03 1.05678689287470966e-05
3.61317997427188084e-03 4.60930396272814869e+03 1.10147435800236092e-05
3.65405258030227680e-03 4.64459766727106307e+03 1.14800224089319117e-05
3.69538754080591010e-03 4.67995899081507559e+03 1.19644372729749034e-05
3.73719008597678303e-03 4.71538347883545703e+03 1.24687477994897926e-05
3.77946550517331515e-03 4.75086658968084248e+03 1.29937423741430507e-05
3.82221914758758491e-03 4.78640369477670265e+03 1.35402391615768841e-05
3.86545642292222043e-03 4.82199007888057804e+03 1.41090871591217151e-05
3.90918280207487503e-03 4.85762094038981013e+03 1.47011672845056806e-05
3.95340381783045036e-03 4.89329139170283361e+03 1.53173934985161599e-05
3.99812506556121439e-03 4.92899645963490366e+03 1.59587139635887524e-05
4.04335220393477277e-03 4.96473108588907235e+03 1.66261122393181134e-05
4.08909095563004740e-03 5.00049012758326171e+03 1.73206085159087947e-05
4.13534710806142541e-03 5.03626835783431488e+03 1.80432608866063344e-05
4.18212651411102934e-03 5.07206046639966553e+03 1.87951666601674599e-05
4.22943509286926884e-03 5.10786106037743320e+03 1.95774637144534994e-05
4.27727883038384223e-03 5.14366466496565772e+03 2.03913318922535737e-05
4.32566378041714193e-03 5.17946572428126547e+03 2.12379944404633049e-05
4.37459606521221987e-03 5.21525860223937798e+03 2.21187194937705560e-05
4.42408187626749938e-03 5.25103758349365307e+03 2.30348216040234697e-05
4.47412747512017459e-03 5.28679687443800958e+03 2.39876633164746258e-05
4.52473919413846383e-03 5.32253060427031505e+03 2.49786567941224903e-05
4.57592343732291310e-03 5.35823282611852756e+03 2.60092654913954911e-05
4.62768668111666979e-03 5.39389751822950075e+03 2.70810058784419936e-05
4.68003547522497908e-03 5.42951858522097973e+03 2.81954492173203246e-05
4.73297644344389430e-03 5.46508985939689592e+03 2.93542233914007287e-05
4.78651628449845191e-03 5.50060510212635563e+03 3.05590147893214636e-05
4.84066177289025051e-03 5.53605800528634427e+03 3.18115702448580991e-05
4.89541975975460886e-03 5.57144219276834610e+03 3.31136990340947482e-05
4.95079717372751398e-03 5.60675122204894251e+03 3.44672749313108722e-05
5.00680102182228699e-03 5.64197858582435401e+03 3.58742383250157780e-05
5.06343839031616217e-03 5.67711771370883980e+03 3.73365983955930081e-05
5.12071644564698805e-03 5.71216197399694920e+03 3.88564353560421732e-05
5.17864243531998038e-03 5.74710467548929591e+03 4.04359027573236767e-05
5.23722368882473515e-03 5.78193906938169584e+03 4.20772298598430706e-05
5.29646761856270194e-03 5.81665835121734108e+03 4.37827240726363574e-05
5.35638172078504917e-03 5.85125566290163533e+03 4.55547734618360535e-05
5.41697357654120221e-03 5.88572409477920246e+03 4.73958493300303876e-05
5.47825085263804312e-03 5.92005668777261053e+03 4.93085088681463878e-05
5.54022130261007297e-03 5.95424643558223943e+03 5.12953978815200787e-05
5.60289276770045003e-03 5.98828628694657709e+03 5.33592535918311569e-05
5.66627317785312230e-03 6.02216914796227957e+03 5.55029075166126105e-05
5.73037055271628879e-03 6.05588788446324452e+03 5.77292884280714952e-05
5.79519300265710514e-03 6.08943532445773508e+03 6.00414253929714618e-05
5.86074872978787059e-03 6.12280426062271545e+03 6.24424508953619914e-05
5.92704602900392605e-03 6.15598745285441601e+03 6.49356040439644249e-05
5.99409328903319216e-03 6.18897763087398653e+03 6.75242338660381474e-05
6.06189899349757200e-03 6.22176749688713699e+03 7.02118026895847314e-05
6.13047172198647339e-03 6.25434972829661001e+03 7.30018896157737891e-05
6.19982015114236597e-03 6.28671698046613437e+03 7.58981940834850934e-05
6.26995305575861472e-03 6.31886188953452802e+03 7.89045395278973227e-05
6.34087930988985055e-03 6.35077707527860730e+03 8.20248771350788565e-05
6.41260788797478037e-03 6.38245514402333174e+03 8.52632896945450182e-05
6.48514786597170333e-03 6.41388869159764818e+03 8.86239955517834083e-05
6.55850842250698621e-03 6.44507030633450631e+03 9.21113526627726550e-05
6.63269884003640439e-03 6.47599257211323038e+03 9.57298627525271528e-05
6.70772850601969103e-03 6.50664807144258793e+03 9.94841755797417704e-05
6.78360691410830313e-03 6.53702938858269772e+03 1.03379093309618455e-04
6.86034366534674436e-03 6.56712911270395762e+03 1.07419574996993605e-04
6.93794846938737206e-03 6.59693984108096538e+03 1.11610741181887617e-04
7.01643114571893350e-03 6.62645418231950225e+03 1.15957878599634291e-04
7.09580162490912759e-03 6.65566475961452579e+03 1.20466445007772339e-04
7.17606994986109796e-03 6.68456421403699551e+03 1.25142074131881747e-04
7.25724627708413967e-03 6.71314520784740489e+03 1.29990580732587744e-04
7.33934087797890808e-03 6.74140042783382614e+03 1.35017965795976449e-04
7.42236414013703466e-03 6.76932258867210749e+03 1.40230421849664661e-04
7.50632656865544631e-03 6.79690443630595200e+03 1.45634338406807115e-04
7.59123878746568569e-03 6.82413875134455793e+03 1.51236307540346122e-04
7.67711154067811635e-03 6.85101835247523286e+03 1.57043129589798765e-04
7.76395569394142896e-03 6.87753609988873177e+03 1.63061819002933170e-04
7.85178223581742968e-03 6.90368489871462225e+03 1.69299610314669442e-04
7.94060227917153978e-03 6.92945770246432494e+03 1.75763964265594893e-04
8.03042706257887755e-03 6.95484751647905705e+03 1.82462574062456251e-04
8.12126795174625445e-03 6.97984740138020970e+03 1.89403371783044416e-04
8.21313644095039361e-03 7.00445047651949426e+03 1.96594534927900798e-04
8.30604415449227515e-03 7.02864992342613823e+03 2.04044493121260663e-04
8.40000284816793362e-03 7.05243898924846962e+03 2.11761934963694770e-04
8.49502441075604062e-03 7.07581099018722671e+03 2.19755815038928762e-04
8.59112086552216853e-03 7.09875931491775827e+03 2.28035361077297749e-04
8.68830437174005626e-03 7.12127742799844509e+03 2.36610081278341967e-04
8.78658722623026564e-03 7.14335887326259581e+03 2.45489771795070284e-04
8.88598186491605484e-03 7.16499727719096245e+03 2.54684524382381840e-04
8.98650086439687842e-03 7.18618635226216884e+03 2.64204734212200023e-04
9.08815694353982961e-03 7.20691990027831434e+03 2.74061107857877500e-04
9.19096296508893108e-03 7.22719181566283987e+03 2.84264671450403742e-04
9.29493193729263173e-03 7.24699608872803037e+03 2.94826779009001660e-04
9.40007701554987189e-03 7.26632680890931988e+03 3.05759120948708037e-04
9.50641150407458869e-03 7.28517816796363513e+03 3.17073732767498499e-04
9.61394885757916630e-03 7.30354446312909477e+03 3.28783003915587282e-04
9.72270268297680505e-03 7.32142010024325373e+03 3.40899686849485358e-04
9.83268674110334903e-03 7.33879959681731179e+03 3.53436906273474826e-04
9.94391494845841759e-03 7.35567758506352129e+03 3.66408168571084587e-04
1.00564013789662173e-02 7.37204881487315015e+03 3.79827371429216872e-04
1.01701602657564734e-02 7.38790815674245005e+03 3.93708813657595014e-04
1.02852060029653136e-02 7.40325060464398030e+03 4.08067205206132815e-04
1.04015531475565217e-02 7.41807127884078182e+03 4.22917677382902675e-04
1.05192164211635811e-02 7.43236542864089188e+03 4.38275793275383059e-04
1.06382107119523794e-02 7.44612843508974038e+03 4.54157558377607561e-04
1.07585510765049620e-02 7.45935581359800653e+03 4.70579431425898582e-04
1.08802527417248066e-02 7.47204321650262227e+03 4.87558335445890218e-04
1.10033311067634226e-02 7.48418643555856124e+03 5.05111669013455456e-04
1.11278017449688866e-02 7.49578140435919613e+03 5.23257317732262221e-04
1.12536804058562742e-02 7.50682420068306237e+03 5.42013665930600420e-04
1.13809830171006099e-02 7.51731104876484915e+03 5.61399608580205297e-04
1.15097256865521660e-02 7.52723832148861493e+03 5.81434563439701176e-04
1.16399247042745461e-02 7.53660254250118851e+03 6.02138483425366036e-04
1.17715965446060430e-02 7.54540038824390285e+03 6.23531869211932659e-04
1.19047578682440931e-02 7.55362868990074548e+03 6.45635782066032683e-04
1.20394255243533223e-02 7.56128443526120827e+03 6.68471856914992215e-04
1.21756165526976413e-02 7.56836477049615132e+03 6.92062315653682028e-04
1.23133481857962534e-02 7.57486700184502206e+03 7.16429980692019760e-04
1.24526378511040439e-02 7.58078859721296703e+03 7.41598288745818376e-04
1.25935031732168582e-02 7.58612718767637489e+03 7.67591304873679230e-04
1.27359619761014987e-02 7.59088056889545169e+03 7.94433736762493125e-04
1.28800322853509560e-02 7.59504670243267265e+03 8.22150949264246101e-04
1.30257323304653755e-02 7.59862371697581057e+03 8.50768979186789821e-04
1.31730805471585929e-02 7.60160990946455968e+03 8.80314550341130728e-04
1.33220955796907563e-02 7.60400374611971165e+03 9.10815088847888072e-04
1.34727962832275928e-02 7.60580386337402524e+03 9.42298738705583299e-04
1.36252017262260723e-02 7.60700906870394920e+03 9.74794377623244271e-04
1.37793311928472422e-02 7.60761834136153630e+03 1.00833163312000619e-03
1.39352041853961633e-02 7.60763083300594917e+03 1.04294089889419564e-03
1.40928404267897569e-02 7.60704586823398495e+03 1.07865335146456074e-03
1.42522598630522961e-02 7.60586294500932854e+03 1.11550096708606830e-03
1.44134826658391269e-02 7.60408173499009990e+03 1.15351653894283940e-03
1.45765292349892030e-02 7.60170208375458969e+03 1.19273369462079759e-03
1.47414202011062253e-02 7.59872401092500422e+03 1.23318691386239336e-03
1.49081764281689955e-02 7.59514771018925057e+03 1.27491154660593423e-03
1.50768190161715433e-02 7.59097354922084833e+03 1.31794383131203226e-03
1.52473693037928678e-02 7.58620206949712883e+03 1.36232091357946315e-03
1.54198488710968629e-02 7.58083398601603130e+03 1.40808086505289729e-03
1.55942795422630842e-02 7.57487018691189041e+03 1.45526270262496963e-03
1.57706833883480627e-02 7.56831173297068653e+03 1.50390640793486379e-03
1.59490827300780777e-02 7.56115985704530067e+03 1.55405294716588196e-03
1.61295001406733078e-02 7.55341596337152441e+03 1.60574429114417982e-03
1.63119584487042592e-02 7.54508162678552162e+03 1.65902343574108723e-03
1.64964807409802051e-02 7.53615859184365581e+03 1.71393442258105681e-03
1.66830903654703287e-02 7.52664877184556190e+03 1.77052236005753615e-03
1.68718109342581510e-02 7.51655424776162363e+03 1.82883344465900079e-03
1.70626663265291516e-02 7.50587726706583089e+03 1.88891498260711308e-03
1.72556806915921228e-02 7.49462024247538284e+03 1.95081541180916126e-03
1.74508784519350445e-02 7.48278575059823288e+03 2.01458432412694385e-03
1.76482843063151956e-02 7.47037653049000164e+03 2.08027248796389388e-03
1.78479232328842517e-02 7.45739548212173213e+03 2.14793187117250919e-03
1.80498204923490065e-02 7.44384566475997326e+03 2.21761566428409392e-03
1.82540016311675754e-02 7.42973029526087612e+03 2.28937830406248689e-03
1.84604924847817167e-02 7.41505274627996369e+03 2.36327549738366786e-03
1.86693191808860598e-02 7.39981654439930935e+03 2.43936424544314136e-03
1.88805081427339885e-02 7.38402536817398868e+03 2.51770286829255518e-03
1.90940860924809185e-02 7.36768304609971619e+03 2.59835102970733516e-03
1.93100800545657203e-02 7.35079355450355160e+03 2.68136976238702359e-03
1.95285173591300230e-02 7.33336101535976559e+03 2.76682149348960035e-03
1.97494256454764476e-02 7.31538969403293322e+03 2.85477007050148959e-03
1.99728328655656776e-02 7.29688399695032604e+03 2.94528078744439635e-03
2.01987672875535325e-02 7.27784846920585824e+03 3.03842041142064626e-03
2.04272574993676695e-02 7.25828779209775257e+03 3.13425720949787922e-03
2.06583324123247418e-02 7.23820678060229238e+03 3.23286097593447315e-03
2.08920212647888542e-02 7.21761038078582897e+03 3.33430305974691038e-03
2.11283536258710346e-02 7.19650366715754808e+03 3.43865639261981080e-03
2.13673593991705324e-02 7.17489183996534121e+03 3.54599551715969108e-03
2.16090688265588478e-02 7.15278022243712712e+03 3.65639661549346405e-03
2.18535124920061496e-02 7.13017425797019314e+03 3.76993753821208049e-03
2.21007213254510171e-02 7.10707950727101615e+03 3.88669783366014758e-03
2.23507266067143086e-02 7.08350164544794916e+03 4.00675877757221063e-03
2.26035599694568920e-02 7.05944645905950892e+03 4.13020340305583246e-03
2.28592534051824114e-02 7.03491984312057957e+03 4.25711653092206415e-03
2.31178392672850286e-02 7.00992779806928138e+03 4.38758480036332069e-03
2.33793502751434637e-02 6.98447642669692141e+03 4.52169669997915143e-03
2.36438195182608960e-02 6.95857193104373073e+03 4.65954259914946444e-03
2.39112804604516907e-02 6.93222060926284666e+03 4.80121477975522116e-03
2.41817669440759359e-02 6.90542885245520938e+03 4.94680746824671669e-03
2.44553131943214506e-02 6.87820314147788940e+03 5.09641686805849346e-03
2.47319538235341897e-02 6.85055004372852181e+03 5.25014119237067478e-03
2.50117238355981389e-02 6.82247620990821997e+03 5.40808069721629078e-03
2.52946586303642550e-02 6.79398837076577001e+03 5.57033771493334415e-03
2.55807940081295357e-02 6.76509333382548721e+03 5.73701668796089935e-03
2.58701661741672084e-02 6.73579798010124614e+03 5.90822420297836860e-03
2.61628117433076943e-02 6.70610926079933961e+03 6.08406902538627479e-03
2.64587677445714091e-02 6.67603419401256269e+03 6.26466213412732367e-03
2.67580716258544182e-02 6.64557986140789581e+03 6.45011675684644976e-03
2.70607612586666497e-02 6.61475340491044790e+03 6.64054840538767701e-03
2.73668749429236795e-02 6.58356202338589537e+03 6.83607491162601354e-03
2.76764514117932223e-02 6.55201296932382775e+03 7.03681646363270817e-03
2.79895298365959028e-02 6.52011354552439661e+03 7.24289564217088858e-03
2.83061498317617802e-02 6.48787110179058163e+03 7.45443745751974817e-03
2.86263514598426236e-02 6.45529303162826454e+03 7.67156938662408219e-03
2.89501752365814470e-02 6.42238676895644585e+03 7.89442141056708076e-03
2.92776621360388636e-02 6.38915978482974151e+03 8.12312605236244212e-03
2.96088535957774596e-02 6.35561958417535243e+03 8.35781841506298695e-03
2.99437915221052939e-02 6.32177370254656489e+03 8.59863622018265140e-03
3.02825182953782440e-02 6.28762970289487930e+03 8.84571984642739707e-03
3.06250767753622581e-02 6.25319517236281808e+03 9.09921236873150255e-03
3.09715103066568777e-02 6.21847771909925268e+03 9.35925959759551125e-03
3.13218627241795208e-02 6.18348496909932237e+03 9.62601011872062443e-03
3.16761783587118234e-02 6.14822456307072025e+03 9.89961533293532391e-03
3.20345020425092455e-02 6.11270415332813172e+03 1.01802294964097977e-02
3.23968791149735827e-02 6.07693140071764083e+03 1.04680097611521312e-02
3.27633554283899217e-02 6.04091397157283973e+03 1.07631162157817255e-02
3.31339773537282223e-02 6.00465953470416480e+03 1.10657119265736067e-02
3.35087917865110538e-02 5.96817575842314091e+03 1.13759629787686112e-02
3.38878461527472308e-02 5.93147030760306370e+03 1.16940385181423627e-02
3.42711884149325061e-02 5.89455084077760330e+03 1.20201107928269418e-02
3.46588670781187436e-02 5.85742500727863535e+03 1.23543551953790472e-02
3.50509311960511827e-02 5.82010044441482751e+03 1.26969503050867478e-02
3.54474303773750846e-02 5.78258477469220725e+03 1.30480779305079328e-02
3.58484147919132246e-02 5.74488560307784246e+03 1.34079231522333236e-02
3.62539351770137866e-02 5.70701051430801635e+03 1.37766743658653198e-02
3.66640428439700128e-02 5.66896707024191892e+03 1.41545233252047542e-02
3.70787896845131901e-02 5.63076280726182540e+03 1.45416651856378008e-02
3.74982281773783843e-02 5.59240523372094685e+03 1.49382985477129627e-02
3.79224113949444414e-02 5.55390182743979040e+03 1.53446255008995655e-02
3.83513930099497954e-02 5.51526003325189959e+03 1.57608516675190498e-02
3.87852273022835856e-02 5.47648726059983892e+03 1.61871862468377994e-02
3.92239691658535158e-02 5.43759088118226009e+03 1.66238420593122008e-02
3.96676741155321949e-02 5.39857822665252661e+03 1.70710355909759193e-02
4.01163982941812325e-02 5.35945658636988355e+03 1.75289870379575323e-02
4.05701984797552234e-02 5.32023320520347534e+03 1.79979203511181178e-02
4.10291320924857025e-02 5.28091528138992544e+03 1.84780632807966735e-02
4.14932572021470825e-02 5.24150996444488010e+03 1.89696474216527987e-02
4.19626325354041305e-02 5.20202435312897524e+03 1.94729082575927186e-02
4.24373174832424899e-02 5.16246549346864049e+03 1.99880852067668736e-02
4.29173721084840573e-02 5.12284037683194947e+03 2.05154216666270858e-02
4.34028571533865842e-02 5.08315593805992012e+03 2.10551650590281893e-02
4.38938340473292721e-02 5.04341905365343882e+03 2.16075668753614933e-02
4.43903649145860543e-02 5.00363654001589475e+03 2.21728827217067166e-02
4.48925125821860796e-02 4.96381515175177083e+03 2.27513723639864267e-02
4.54003405878629987e-02 4.92396158002120774e+03 2.33432997731087520e-02
4.59139131880951443e-02 4.88408245095054463e+03 2.39489331700849101e-02
4.64332953662356038e-02 4.84418432409882917e+03 2.45685450711028777e-02
4.69585528407349059e-02 4.80427369098027248e+03 2.52024123325441732e-02
4.74897520734561263e-02 4.76435697364248972e+03 2.58508161959252920e-02
4.80269602780849861e-02 4.72444052330036993e+03 2.65140423327493990e-02
4.85702454286342858e-02 4.68453061902542413e+03 2.71923808892489335e-02
4.91196762680444557e-02 4.64463346649036885e+03 2.78861265310024579e-02
4.96753223168823477e-02 4.60475519676862223e+03 2.85955784874096543e-02
5.02372538821375184e-02 4.56490186518843802e+03 2.93210405960032047e-02
5.08055420661179952e-02 4.52507945024142646e+03 3.00628213465810798e-02
5.13802587754476001e-02 4.48529385254481895e+03 3.08212339251402803e-02
5.19614767301641370e-02 4.44555089385740393e+03 3.15965962575917095e-02
5.25492694729204901e-02 4.40585631614840713e+03 3.23892310532361491e-02
5.31437113782907353e-02 4.36621578071895601e+03 3.31994658479837432e-02
5.37448776621806124e-02 4.32663486737565017e+03 3.40276330472934346e-02
5.43528443913443918e-02 4.28711907365562638e+03 3.48740699688124267e-02
5.49676884930104040e-02 4.24767381410256530e+03 3.57391188846966634e-02
5.55894877646145036e-02 4.20830441959311611e+03 3.66231270635874115e-02
5.62183208836435286e-02 4.16901613671306404e+03 3.75264468122233213e-02
5.68542674175912602e-02 4.12981412718258252e+03 3.84494355166676294e-02
5.74974078340257516e-02 4.09070346732998178e+03 3.93924556831241265e-02
5.81478235107713154e-02 4.05168914761321685e+03 4.03558749783221246e-02
5.88055967462049328e-02 4.01277607218848652e+03 4.13400662694443435e-02
5.94708107696703195e-02 3.97396905852514828e+03 4.23454076635775972e-02
6.01435497520087931e-02 3.93527283706628532e+03 4.33722825466582307e-02
6.08238988162091571e-02 3.89669205093415849e+03 4.44210796218898474e-02
6.15119440481792512e-02 3.85823125567968509e+03 4.54921929476103867e-02
6.22077725076381829e-02 3.81989491907527963e+03 4.65860219745797624e-02
6.29114722391317938e-02 3.78168742095024845e+03 4.77029715826651907e-02
6.36231322831738444e-02 3.74361305306781514e+03 4.88434521168996522e-02
6.43428426875121973e-02 3.70567601904309777e+03 5.00078794228845103e-02
6.50706945185221819e-02 3.66788043430117614e+03 5.11966748815113129e-02
6.58067798727303699e-02 3.63023032607433697e+03 5.24102654429794354e-02
6.65511918884670317e-02 3.59272963343776519e+03 5.36490836600771112e-02
6.73040247576515427e-02 3.55538220738275822e+03 5.49135677207040485e-02
6.80653737377099888e-02 3.51819181092668032e+03 5.62041614796044836e-02
6.88353351636291910e-02 3.48116211925866855e+03 5.75213144892875450e-02
6.96140064601457054e-02 3.44429671992040039e+03 5.88654820301028822e-02
7.04014861540727677e-02 3.40759911302095452e+03 6.02371251394453674e-02
7.11978738867678762e-02 3.37107271148487553e+03 6.16367106400633954e-02
7.20032704267403040e-02 3.33472084133267208e+03 6.30647111674383504e-02
7.28177776824009554e-02 3.29854674199282272e+03 6.45216051962079068e-02
7.36414987149580230e-02 3.26255356664440842e+03 6.60078770656090524e-02
7.44745377514570289e-02 3.22674438258953523e+03 6.75240170039047710e-02
7.53170001979684423e-02 3.19112217165472475e+03 6.90705211517703144e-02
7.61689926529258432e-02 3.15568983062029429e+03 7.06478915846113914e-02
7.70306229206135507e-02 3.12045017167699916e+03 7.22566363337801554e-02
7.79020000248068500e-02 3.08540592290904578e+03 7.38972694066633434e-02
7.87832342225679161e-02 3.05055972880254740e+03 7.55703108056148820e-02
7.96744370181964173e-02 3.01591415077870488e+03 7.72762865456994713e-02
8.05757211773378557e-02 2.98147166775083224e+03 7.90157286712198925e-02
8.14872007412530408e-02 2.94723467670432092e+03 8.07891752710020311e-02
8.24089910412472149e-02 2.91320549329885353e+03 8.25971704924020056e-02
8.33412087132636009e-02 2.87938635249194976e+03 8.44402645540120594e-02
8.42839717126408067e-02 2.84577940918311333e+03 8.63190137570313126e-02
8.52373993290390236e-02 2.81238673887766981e+03 8.82339804952778639e-02
8.62016122015334396e-02 2.77921033836964807e+03 9.01857332638073689e-02
8.71767323338784317e-02 2.74625212644285875e+03 9.21748466661118926e-02
8.81628831099459664e-02 2.71351394458932873e+03 9.42019014198731547e-02
8.91601893093371262e-02 2.68099755774445612e+03 9.62674843612356251e-02
9.01687771231701324e-02 2.64870465503808964e+03 9.83721884475744629e-02
9.11887741700486421e-02 2.61663685056072291e+03 1.00516612758732957e-01
9.22203095122090949e-02 2.58479568414416690e+03 1.02701362496694676e-01
9.32635136718505675e-02 2.55318262215597451e+03 1.04927048983666504e-01
9.43185186476512005e-02 2.52179905830681264e+03 1.07194289658548408e-01
9.53854579314694223e-02 2.49064631447022975e+03 1.09503708071755163e-01
9.64644665252354233e-02 2.45972564151400047e+03 1.11855933878369160e-01
9.75556809580323397e-02 2.42903822014249818e+03 1.14251602829593638e-01
9.86592393033727810e-02 2.39858516174930310e+03 1.16691356762486695e-01
9.97752811966689107e-02 2.36836750927951562e+03 1.19175843587941477e-01
1.00903947852900230e-01 2.33838623810109448e+03 1.21705717276892028e-01
1.02045382084482980e-01 2.30864225688453780e+03 1.24281637844722903e-01
1.03199728319339878e-01 2.27913640849040985e+03 1.26904271333851737e-01
1.04367132619174199e-01 2.24986947086402961e+03 1.29574289794461561e-01
1.05547742697952585e-01 2.22084215793673548e+03 1.32292371263367986e-01
1.06741707940594885e-01 2.19205512053321308e+03 1.35059199740986374e-01
1.07949179421875499e-01 2.16350894728427284e+03 1.37875465166381800e-01
1.09170309925540485e-01 2.13520416554451822e+03 1.40741863390386135e-01
1.10405253963638914e-01 2.10714124231440701e+03 1.43659096146749071e-01
1.11654167796072901e-01 2.07932058516620418e+03 1.46627871021311168e-01
1.12917209450370856e-01 2.05174254317319082e+03 1.49648901419179498e-01
1.14194538741682339e-01 2.02440740784178047e+03 1.52722906529880326e-01
1.15486317292999074e-01 1.99731541404598602e+03 1.55850611290474395e-01
1.16792708555606833e-01 1.97046674096372521e+03 1.59032746346622206e-01
1.18113877829766262e-01 1.94386151301457585e+03 1.62270048011570217e-01
1.19449992285629233e-01 1.91749980079849206e+03 1.65563258223055176e-01
1.20801220984390140e-01 1.89138162203506226e+03 1.68913124498099754e-01
1.22167734899679054e-01 1.86550694250281140e+03 1.72320399885696030e-01
1.23549706939194634e-01 1.83987567697827262e+03 1.75785842917356439e-01
1.24947311966581681e-01 1.81448769017429004e+03 1.79310217555515877e-01
1.26360726823558533e-01 1.78934279767721569e+03 1.82894293139788999e-01
1.27790130352292391e-01 1.76444076688263817e+03 1.86538844331052972e-01
1.29235703418027870e-01 1.73978131792927275e+03 1.90244651053357666e-01
1.30697628931973675e-01 1.71536412463058628e+03 1.94012498433655617e-01
1.32176091874446094e-01 1.69118881540390703e+03 1.97843176739335241e-01
1.33671279318273967e-01 1.66725497419665248e+03 2.01737481313556732e-01
1.35183380452471108e-01 1.64356214140928978e+03 2.05696212508390042e-01
1.36712586606173525e-01 1.62010981481481258e+03 2.09720175615737414e-01
1.38259091272849494e-01 1.59689745047436259e+03 2.13810180796051824e-01
1.39823090134781225e-01 1.57392446364874695e+03 2.17967043004834604e-01
1.41404781087826836e-01 1.55119022970550827e+03 2.22191581916929698e-01
1.43004364266459655e-01 1.52869408502134934e+03 2.26484621848596468e-01
1.44622042069090573e-01 1.50643532787961090e+03 2.30846991677369301e-01
1.46258019183679921e-01 1.48441321936252211e+03 2.35279524759717862e-01
1.47912502613635949e-01 1.46262698423804773e+03 2.39783058846493147e-01
1.49585701704006563e-01 1.44107581184105538e+03 2.44358435996174572e-01
1.51277828167970002e-01 1.41975885694854537e+03 2.49006502485930481e-01
1.52989096113622380e-01 1.39867524064881695e+03 2.53728108720488343e-01
1.54719722071068239e-01 1.37782405120428689e+03 2.58524109138825176e-01
1.56469925019820461e-01 1.35720434490777961e+03 2.63395362118705179e-01
1.58239926416507248e-01 1.33681514693210966e+03 2.68342729879051001e-01
1.60029950222892403e-01 1.31665545217280419e+03 2.73367078380179873e-01
1.61840222934215683e-01 1.29672422608369629e+03 2.78469277221919054e-01
1.63670973607850712e-01 1.27702040550533161e+03 2.83650199539604186e-01
1.65522433892287046e-01 1.25754289948599126e+03 2.88910721897989331e-01
1.67394838056443035e-01 1.23829059009512184e+03 2.94251724183086483e-01
1.69288423019307133e-01 1.21926233322913549e+03 2.99674089491948847e-01
1.71203428379916311e-01 1.20045695940935957e+03 3.05178704020425240e-01
1.73140096447671671e-01 1.18187327457205856e+03 3.10766456948902869e-01
1.75098672273000300e-01 1.16351006085036056e+03 3.16438240326075926e-01
1.77079403678361114e-01 1.14536607734801646e+03 3.22194948950748572e-01
1.79082541289601105e-01 1.12744006090487937e+03 3.28037480251708313e-01
1.81108338567669724e-01 1.10973072685394823e+03 3.33966734165706658e-01
1.83157051840688728e-01 1.09223676976996194e+03 3.39983613013562558e-01
1.85228940336384790e-01 1.07495686420940433e+03 3.46089021374424433e-01
1.87324266214892232e-01 1.05788966544182517e+03 3.52283865958237630e-01
1.89443294601923717e-01 1.04103381017244806e+03 3.58569055476433085e-01
1.91586293622315718e-01 1.02438791725596207e+03 3.64945500510875931e-01
1.93753534433957458e-01 1.00795058840141553e+03 3.71414113381133393e-01
1.95945291262099336e-01 9.91720408868198092e+02 3.77975808010068304e-01
1.98161841434052050e-01 9.75695948153008999e+02 3.84631499787822573e-01
2.00403465414275728e-01 9.59875760667805594e+02 3.91382105434218142e-01
2.02670446839870066e-01 9.44258386408621845e+02 3.98228542859632662e-01
2.04963072556462345e-01 9.28842351615296593e+02 4.05171731024380311e-01
2.07281632654501169e-01 9.13626169422026010e+02 4.12212589796643381e-01
2.09626420505964889e-01 8.98608340498697316e+02 4.19352039809023025e-01
2.11997732801481126e-01 8.83787353683026367e+02 4.26591002313727430e-01
2.14395869587866439e-01 8.69161686603442718e+02 4.33930399036461079e-01
2.16821134306094288e-01 8.54729806292692842e+02 4.41371152029078673e-01
2.19273833829688902e-01 8.40490169792189022e+02 4.48914183521032517e-01
2.21754278503553087e-01 8.26441224747062165e+02 4.56560415769671601e-01
2.24262782183239529e-01 8.12581409991909254e+02 4.64310770909471981e-01
2.26799662274662306e-01 7.98909156127254960e+02 4.72166170800214835e-01
2.29365239774257296e-01 7.85422886086728795e+02 4.80127536874193961e-01
2.31959839309601429e-01 7.72121015694919947e+02 4.88195789982512673e-01
2.34583789180487001e-01 7.59001954215975729e+02 4.96371850240510337e-01
2.37237421400460669e-01 7.46064104892931141e+02 5.04656636872390041e-01
2.39921071738836672e-01 7.33305865477755219e+02 5.13051068055117465e-01
2.42635079763180356e-01 7.20725628752187390e+02 5.21556060761629081e-01
2.45379788882275518e-01 7.08321783039339380e+02 5.30172530603435055e-01
2.48155546389574350e-01 6.96092712706117936e+02 5.38901391672658936e-01
2.50962703507144336e-01 6.84036798656457108e+02 5.47743556383608499e-01
2.53801615430107597e-01 6.72152418815436931e+02 5.56699935313911154e-01
2.56672641371582688e-01 6.60437948604286362e+02 5.65771437045285985e-01
2.59576144608139825e-01 6.48891761406308888e+02 5.74958968004051441e-01
2.62512492525765362e-01 6.37512229023782652e+02 5.84263432301386332e-01
2.65482056666346278e-01 6.26297722125874202e+02 5.93685731573443620e-01
2.68485212774685345e-01 6.15246610687571774e+02 6.03226764821384265e-01
2.71522340846043042e-01 6.04357264419741568e+02 6.12887428251387201e-01
2.74593825174217876e-01 5.93628053190307014e+02 6.22668615114703505e-01
2.77700054400174701e-01 5.83057347436609348e+02 6.32571215547851673e-01
2.80841421561218274e-01 5.72643518569016351e+02 6.42596116412983975e-01
2.84018324140726031e-01 5.62384939365813580e+02 6.52744201138527713e-01
2.87231164118440296e-01 5.52279984359446871e+02 6.63016349560145546e-01
2.90480348021334822e-01 5.42327030214148408e+02 6.73413437762117040e-01
2.93766286975051916e-01 5.32524456095033543e+02 6.83936337919176740e-01
2.97089396755921109e-01 5.22870644028718402e+02 6.94585918138899916e-01
3.00450097843571684e-01 5.13363979255497270e+02 7.05363042304717802e-01
3.03848815474135059e-01 5.04002850573175579e+02 7.16268569919601306e-01
3.07285979694048972e-01 4.94785650672610416e+02 7.27303355950507102e-01
3.10762025414475673e-01 4.85710776465004301e+02 7.38468250673663285e-01
3.14277392466330241e-01 4.76776629401053356e+02 7.49764099520740301e-01
3.17832525655931453e-01 4.67981615781999665e+02 7.61191742925988013e-01
3.21427874821287818e-01 4.59324147062646773e+02 7.72752016174432454e-01
3.25063894889014382e-01 4.50802640146436204e+02 7.84445749251160507e-01
3.28741045931893738e-01 4.42415517672640533e+02 7.96273766691782958e-01
3.32459793227093847e-01 4.34161208295736458e+02 8.08236887434161666e-01
3.36220607315038278e-01 4.26038146957058132e+02 8.20335924671434569e-01
3.40023964058942862e-01 4.18044775148790393e+02 8.32571685706419595e-01
3.43870344705031583e-01 4.10179541170367088e+02 8.44944971807488621e-01
3.47760235943426810e-01 4.02440900377381581e+02 8.57456578065937447e-01
3.51694129969732594e-01 3.94827315423055836e+02 8.70107293254941183e-01
3.55672524547310354e-01 3.87337256492376412e+02 8.82897899690150312e-01
3.59695923070266044e-01 3.79969201528944382e+02 8.95829173092014375e-01
3.63764834627143596e-01 3.72721636454650479e+02 9.08901882449854925e-01
3.67879774065338505e-01 3.65593055382245325e+02 9.22116789887777122e-01
3.72041262056247046e-01 3.58581960820871302e+02 9.35474650532492569e-01
3.76249825161145635e-01 3.51686863874663516e+02 9.48976212383073614e-01
3.80505995897815308e-01 3.44906284434494921e+02 9.62622216182729917e-01
3.84810312807926880e-01 3.38238751362930941e+02 9.76413395292665354e-01
3.89163320525181322e-01 3.31682802672505431e+02 9.90350475568044009e-01
3.93565569844221086e-01 3.25236985697391674e+02 1.00443417523614320e+00
3.98017617790327793e-01 3.18899857258538987e+02 1.01866520477675682e+00
4.02520027689900861e-01 3.12669983822386087e+02 1.03304426680486561e+00
4.07073369241737537e-01 3.06545941653218165e+02 1.04757205595565805e+00
4.11678218589115130e-01 3.00526316959265159e+02 1.06224925877192744e+00
4.16335158392696025e-01 2.94609706032614781e+02 1.07707655359392862e+00
4.21044777904250933e-01 2.88794715383042501e+02 1.09205461045169905e+00
4.25807673041215140e-01 2.83079961865839493e+02 1.10718409095989889e+00
4.30624446462096411e-01 2.77464072803715396e+02 1.12246564821525685e+00
4.35495707642727936e-01 2.71945686102881041e+02 1.13789992669659434e+00
4.40422072953383870e-01 2.66523450363391987e+02 1.15348756216751291e+00
4.45404165736775215e-01 2.61196024983829204e+02 1.16922918158179279e+00
4.50442616386919847e-01 2.55962080260424017e+02 1.18512540299149705e+00
4.55538062428904933e-01 2.50820297480705648e+02 1.20117683545783804e+00
4.60691148599559508e-01 2.45769369011751309e+02 1.21738407896486756e+00
4.65902526929031890e-01 2.40807998383144707e+02 1.23374772433597579e+00
4.71172856823288966e-01 2.35934900364719567e+02 1.25026835315323437e+00
4.76502805147558495e-01 2.31148801039171246e+02 1.26694653767966914e+00
4.81893046310705342e-01 2.26448437869640316e+02 1.28378284078441229e+00
4.87344262350563440e-01 2.21832559762343294e+02 1.30077781587078567e+00
4.92857143020240751e-01 2.17299927124338240e+02 1.31793200680738343e+00
4.98432385875391404e-01 2.12849311916520975e+02 1.33524594786209283e+00
5.04070696362480919e-01 2.08479497701932104e+02 1.35272016363914216e+00
5.09772787908043368e-01 2.04189279689468066e+02 1.37035516901914112e+00
5.15539382008958769e-01 1.99977464773071603e+02 1.38815146910218190e+00
5.21371208323742952e-01 1.95842871566504215e+02 1.40610955915396674e+00
5.27269004764868821e-01 1.91784330433777683e+02 1.42422992455497321e+00
5.33233517592142547e-01 1.87800683515326739e+02 1.44251304075272824e+00
5.39265501507126488e-01 1.83890784750020629e+02 1.46095937321712466e+00
5.45365719748628908e-01 1.80053499893092720e+02 1.47956937739880523e+00
5.51534944189285503e-01 1.76287706530066600e+02 1.49834349869066918e+00
5.57773955433222279e-01 1.72592294086777088e+02 1.51728217239242702e+00
5.64083542914823322e-01 1.68966163835563520e+02 1.53638582367823862e+00
5.70464504998626998e-01 1.65408228897712576e+02 1.55565486756746529e+00
5.76917649080339268e-01 1.61917414242249919e+02 1.57508970889847078e+00
5.83443791688997737e-01 1.58492656681148617e+02 1.59469074230550456e+00
5.90043758590284018e-01 1.55132904861048161e+02 1.61445835219863865e+00
5.96718384891016473e-01 1.51837119251555919e+02 1.63439291274679888e+00
6.03468515144814366e-01 1.48604272130221631e+02 1.65449478786379300e+00
6.10295003458957264e-01 1.45433347564264579e+02 1.67476433119739787e+00
6.17198713602464255e-01 1.42323341389125062e+02 1.69520188612147638e+00
6.24180519115384747e-01 1.39273261183932760e+02 1.71580778573107540e+00
6.31241303419325273e-01 1.36282126243964939e+02 1.73658235284050266e+00
6.38381959929238296e-01 1.33348967550170272e+02 1.75752589998441722e+00
6.45603392166463785e-01 1.30472827735843254e+02 1.77863872942181511e+00
6.52906513873049876e-01 1.27652761050524262e+02 1.79992113314294588e+00
6.60292249127378050e-01 1.24887833321197220e+02 1.82137339287917244e+00
6.67761532461084939e-01 1.22177121910868109e+02 1.84299578011564247e+00
6.75315308977306072e-01 1.19519715674599595e+02 1.86478855610684668e+00
6.82954534470269992e-01 1.16914714913066618e+02 1.88675197189499433e+00
6.90680175546232733e-01 1.14361231323721057e+02 1.90888626833116737e+00
6.98493209745780108e-01 1.11858387949630597e+02 1.93119167609921472e+00
7.06394625667526310e-01 1.09405319126063006e+02 1.95366841574242578e+00
7.14385423093197303e-01 1.07001170424894894e+02 1.97631669769284368e+00
7.22466613114138734e-01 1.04645098596908213e+02 1.99913672230325479e+00
7.30639218259244827e-01 1.02336271512053429e+02 2.02212867988179923e+00
7.38904272624350100e-01 1.00073868097737474e+02 2.04529275072917516e+00
7.47262822003070926e-01 9.78570782752170629e+01 2.06862910517836918e+00
7.55715924019127683e-01 9.56851028941596837e+01 2.09213790363689611e+00
7.64264648260176593e-01 9.35571536654357772e+01 2.11581929663152213e+00
7.72910076413142577e-01 9.14724530922165542e+01 2.13967342485539236e+00
7.81653302401082439e-01 8.94302343994384330e+01 2.16370041921752954e+00
7.90495432521610253e-01 8.74297414616957127e+01 2.18790040089471294e+00
7.99437585586875277e-01 8.54702287296317991e+01 2.21227348138560975e+00
8.08480893065121720e-01 8.35509611548886824e+01 2.23681976256714998e+00
8.17626499223866321e-01 8.16712141136732725e+01 2.26153933675315644e+00
8.26875561274677540e-01 7.98302733290082500e+01 2.28643228675506238e+00
8.36229249519603424e-01 7.80274347917232660e+01 2.31149868594479857e+00
8.45688747499245608e-01 7.62620046802475287e+01 2.33673859831967334e+00
8.55255252142524958e-01 7.45332992792593814e+01 2.36215207856934306e+00
8.64929973918126205e-01 7.28406448972553449e+01 2.38773917214468545e+00
8.74714136987656210e-01 7.11833777830916716e+01 2.41349991532858477e+00
8.84608979360549386e-01 6.95608440415533948e+01 2.43943433530864029e+00
8.94615753050710505e-01 6.79723995480087240e+01 2.46554245025162322e+00
9.04735724234929317e-01 6.64174098622010831e+01 2.49182426937969437e+00
9.14970173413102716e-01 6.48952501412297664e+01 2.51827979304839911e+00
9.25320395570253806e-01 6.34053050517748886e+01 2.54490901282625925e+00
9.35787700340383610e-01 6.19469686816151537e+01 2.57171191157595569e+00
9.46373412172191841e-01 6.05196444504880304e+01 2.59868846353714256e+00
9.57078870496657852e-01 5.91227450203438991e+01 2.62583863441070697e+00
9.67905429896514291e-01 5.77556922050411856e+01 2.65316238144446137e+00
9.78854460277657656e-01 5.64179168795273469e+01 2.68065965352030178e+00
9.89927347042478756e-01 5.51088588885566182e+01 2.70833039124265573e+00
1.00112549126515504e+00 5.38279669549869411e+01 2.73617452702821495e+00
1.01245030986894280e+00 5.25746985876996149e+01 2.76419198519697540e+00
1.02390323580545517e+00 5.13485199891882687e+01 2.79238268206438311e+00
1.03548571823598090e+00 5.01489059628573202e+01 2.82074652603468712e+00
1.04719922271484100e+00 4.89753398200727545e+01 2.84928341769529769e+00
1.05904523137484019e+00 4.78273132870039248e+01 2.87799324991225802e+00
1.07102524311479907e+00 4.67043264112992347e+01 2.90687590792665240e+00
1.08314077378920515e+00 4.56058874686327087e+01 2.93593126945191552e+00
1.09539335640002999e+00 4.45315128691580213e+01 2.96515920477209294e+00
1.10778454129069748e+00 4.34807270639098178e+01 2.99455957684086060e+00
1.12031589634224371e+00 4.24530624511873853e+01 3.02413224138133119e+00
1.13298900717171835e+00 4.14480592829535297e+01 3.05387704698662921e+00
1.14580547733280969e+00 4.04652655712864231e+01 3.08379383522109318e+00
1.15876692851873653e+00 3.95042369949163472e+01 3.11388244072209242e+00
1.17187500076746054e+00 3.85645368058779212e+01 3.14414269130250723e+00
1.18513135266919245e+00 3.76457357363124245e+01 3.17457440805361735e+00
1.19853766157626218e+00 3.67474119054490913e+01 3.20517740544857244e+00
1.21209562381534774e+00 3.58691507267959722e+01 3.23595149144621663e+00
1.22580695490212954e+00 3.50105448155674992e+01 3.26689646759536956e+00
1.23967338975835073e+00 3.41711938963796769e+01 3.29801212913939690e+00
1.25369668293133163e+00 3.33507047112386275e+01 3.32929826512107452e+00
1.26787860881599301e+00 3.25486909278471970e+01 3.36075465848773947e+00
1.28222096187936496e+00 3.17647730482586681e+01 3.39238108619662349e+00
1.29672555688763658e+00 3.09985783179000336e+01 3.42417731932031399e+00
1.31139422913579784e+00 3.02497406349879263e+01 3.45614312315239625e+00
1.32622883467985564e+00 2.95179004603627249e+01 3.48827825731312213e+00
1.34123125057167525e+00 2.88027047277619594e+01 3.52058247585511319e+00
1.35640337509650433e+00 2.81038067545528705e+01 3.55305552736908759e+00
1.37174712801315812e+00 2.74208661529479301e+01 3.58569715508951958e+00
1.38726445079692207e+00 2.67535487417211755e+01 3.61850709700017292e+00
1.40295730688522768e+00 2.61015264584441766e+01 3.65148508593959109e+00
1.41882768192608100e+00 2.54644772722618491e+01 3.68463084970634602e+00
1.43487758402930266e+00 2.48420850972247607e+01 3.71794411116410028e+00
1.45110904402063490e+00 2.42340397061938333e+01 3.75142458834646764e+00
1.46752411569869379e+00 2.36400366453360640e+01 3.78507199456156362e+00
1.48412487609484756e+00 2.30597771492244092e+01 3.81888603849624753e+00
1.50091342573601483e+00 2.24929680565586310e+01 3.85286642432001347e+00
1.51789188891046622e+00 2.19393217265191183e+01 3.88701285178856093e+00
1.53506241393660603e+00 2.13985559557691367e+01 3.92132501634686514e+00
1.55242717343479386e+00 2.08703938961175979e+01 3.95580260923185900e+00
1.56998836460226898e+00 2.03545639728534624e+01 3.99044531757467702e+00
1.58774820949115725e+00 1.98507998037648044e+01 4.02525282450230737e+00
1.60570895528962154e+00 1.93588401188530810e+01 4.06022480923876739e+00
1.62387287460622209e+00 1.88784286807514476e+01 4.09536094720573374e+00
1.64224226575746535e+00 1.84093142058588448e+01 4.13066091012254777e+00
1.66081945305860335e+00 1.79512502861978831e+01 4.16612436610560266e+00
1.67960678711775491e+00 1.75039953120042462e+01 4.20175097976714618e+00
1.69860664513331838e+00 1.70673123950572290e+01 4.23754041231334977e+00
1.71782143119477104e+00 1.66409692927573261e+01 4.27349232164173820e+00
1.73725357658684887e+00 1.62247383329586725e+01 4.30960636243784467e+00
1.75690554009720223e+00 1.58183963395614917e+01 4.34588218627123535e+00
1.77677980832750193e+00 1.54217245588714302e+01 4.38231944169066079e+00
1.79687889600806150e+00 1.50345085867308104e+01 4.41891777431849331e+00
1.81720534631605379e+00 1.46565382964253921e+01 4.45567682694437206e+00
1.83776173119729314e+00 1.42876077673725437e+01 4.49259623961797860e+00
1.85855065169165679e+00 1.39275152145939636e+01 4.52967564974102377e+00
1.87957473826222321e+00 1.35760629189753708e+01 4.56691469215837476e+00
1.90083665112809763e+00 1.32330571583175907e+01 4.60431299924829140e+00
1.92233908060100323e+00 1.28983081391806707e+01 4.64187020101175829e+00
1.94408474742571546e+00 1.25716299295225227e+01 4.67958592516098371e+00
1.96607640312431098e+00 1.22528403921348747e+01 4.71745979720691544e+00
1.98831683034431173e+00 1.19417611188770003e+01 4.75549144054581241e+00
2.01080884321080244e+00 1.16382173657077601e+01 4.79368047654497431e+00
2.03355528768249449e+00 1.13420379885171219e+01 4.83202652462738502e+00
2.05655904191182159e+00 1.10530553797568931e+01 4.87052920235545628e+00
2.07982301660913738e+00 1.07711054058698412e+01 4.90918812551379080e+00
2.10335015541100301e+00 1.04960273455174864e+01 4.94800290819094890e+00
2.12714343525265459e+00 1.02276638286048307e+01 4.98697316286019987e+00
2.15120586674466585e+00 9.96586077610117016e+00 5.02609850045923867e+00
2.17554049455391318e+00 9.71046734065477857e+00 5.06537853046899400e+00
2.20015039778880794e+00 9.46133584800022831e+00 5.10481286099126663e+00
2.22503869038889146e+00 9.21832173915583475e+00 5.14440109882542895e+00
2.25020852151887274e+00 8.98128351340819897e+00 5.18414284954408000e+00
2.27566307596708617e+00 8.75008267208190915e+00 5.22403771756760449e+00
2.30140557454845451e+00 8.52458366309097038e+00 5.26408530623771043e+00
2.32743927451205268e+00 8.30465382626820237e+00 5.30428521788995333e+00
2.35376746995324160e+00 8.09016333946984112e+00 5.34463705392513955e+00
2.38039349223045971e+00 7.88098516545118244e+00 5.38514041487966111e+00
2.40732071038677642e+00 7.67699499950889397e+00 5.42579490049485447e+00
2.43455253157616491e+00 7.47807121788647233e+00 5.46660010978519129e+00
2.46209240149462572e+00 7.28409482693784405e+00 5.50755564110546825e+00
2.48994380481615529e+00 7.09494941304485138e+00 5.54866109221684578e+00
2.51811026563370310e+00 6.91052109328327102e+00 5.58991606035195154e+00
2.54659534790506203e+00 6.73069846683300810e+00 5.63132014227876621e+00
2.57540265590381123e+00 6.55537256712693939e+00 5.67287293436351714e+00
2.60453583467540106e+00 6.38443681473278435e+00 5.71457403263250541e+00
2.63399857049835395e+00 6.21778697096309596e+00 5.75642303283283141e+00
2.66379459135067842e+00 6.05532109220739745e+00 5.79841953049204317e+00
2.69392766738161038e+00 5.89693948498041198e+00 5.84056312097679164e+00
2.72440161138864312e+00 5.74254466168097633e+00 5.88285339955033493e+00
2.75522027929994850e+00 5.59204129705537589e+00 5.92528996142901132e+00
2.78638757066231069e+00 5.44533618535856956e+00 5.96787240183769985e+00
2.81790742913452652e+00 5.30233819820763941e+00 6.01060031606416434e+00
2.84978384298638598e+00 5.16295824312075435e+00 6.05347329951237523e+00
2.88202084560335159e+00 5.02710922273490013e+00 6.09649094775479039e+00
2.91462251599689282e+00 4.89470599469637957e+00 6.13965285658360571e+00
2.94759297932059416e+00 4.76566533221705146e+00 6.18295862206091495e+00
2.98093640739215315e+00 4.63990588528942727e+00 6.22640784056790775e+00
3.01465701922122653e+00 4.51734814255429207e+00 6.27000010885302750e+00
3.04875908154328146e+00 4.39791439381349214e+00 6.31373502407907239e+00
3.08324690935944812e+00 4.28152869318132545e+00 6.35761218386928917e+00
3.11812486648254428e+00 4.16811682286714991e+00 6.40163118635255834e+00
3.15339736608921806e+00 4.05760625758254356e+00 6.44579163020744428e+00
3.18906887127833505e+00 3.94992612956578792e+00 6.49009311470529848e+00
3.22514389563574344e+00 3.84500719421634818e+00 6.53453523975246853e+00
3.26162700380536741e+00 3.74278179633252428e+00 6.57911760593140471e+00
3.29852281206675979e+00 3.64318383694494363e+00 6.62383981454083592e+00
3.33583598891924904e+00 3.54614874073849284e+00 6.66870146763505023e+00
3.37357125567263383e+00 3.45161342405580385e+00 6.71370216806215581e+00
3.41173338704455986e+00 3.35951626347484034e+00 6.75884151950137024e+00
3.45032721176471435e+00 3.26979706495323885e+00 6.80411912649949091e+00
3.48935761318578752e+00 3.18239703353239944e+00 6.84953459450629865e+00
3.52882952990138721e+00 3.09725874359385100e+00 6.89508752990919138e+00
3.56874795637089948e+00 3.01432610966073344e+00 6.94077754006671466e+00
3.60911794355149196e+00 2.93354435773699951e+00 6.98660423334144465e+00
3.64994459953719774e+00 2.85485999717726324e+00 7.03256721913174765e+00
3.69123309020523305e+00 2.77822079308000225e+00 7.07866610790279083e+00
3.73298863986968676e+00 2.70357573919669125e+00 7.12490051121663104e+00
3.77521653194254503e+00 2.63087503135000933e+00 7.17127004176154426e+00
3.81792210960218537e+00 2.56007004135366367e+00 7.21777431338025899e+00
3.86111077646950784e+00 2.49111329142672799e+00 7.26441294109768876e+00
3.90478799729164150e+00 2.42395842909544212e+00 7.31118554114753572e+00
3.94895929863338591e+00 2.35856020257536558e+00 7.35809173099823344e+00
3.99363026957654732e+00 2.29487443662663226e+00 7.40513112937806728e+00
4.03880656242711034e+00 2.23285800887553609e+00 7.45230335629942697e+00
4.08449389343041247e+00 2.17246882659533291e+00 7.49960803308233270e+00
4.13069804349447889e+00 2.11366580393916959e+00 7.54704478237713960e+00
4.17742485892147197e+00 2.05640883961849674e+00 7.59461322818655482e+00
4.22468025214740361e+00 2.00065879501992372e+00 7.64231299588674595e+00
4.27247020249030385e+00 1.94637747275363737e+00 7.69014371224786508e+00
4.32080075690675880e+00 1.89352759562681405e+00 7.73810500545373880e+00
4.36967803075706218e+00 1.84207278603511293e+00 7.78619650512086015e+00
4.41910820857896880e+00 1.79197754576570834e+00 7.83441784231663529e+00
4.46909754487028810e+00 1.74320723620509499e+00 7.88276864957699530e+00
4.51965236488025379e+00 1.69572805894526679e+00 7.93124856092324215e+00
4.57077906540984014e+00 1.64950703678169641e+00 7.97985721187824470e+00
4.62248411562122019e+00 1.60451199509654319e+00 8.02859423948194184e+00
4.67477405785628886e+00 1.56071154362092979e+00 8.07745928230624521e+00
4.72765550846445581e+00 1.51807505856978064e+00 8.12645198046915240e+00
4.78113515863987715e+00 1.47657266514296959e+00 8.17557197564839733e+00
4.83521977526808122e+00 1.43617522038664647e+00 8.22481891109434926e+00
4.88991620178216202e+00 1.39685429640855929e+00 8.27419243164228391e+00
4.94523135902875666e+00 1.35858216394120390e+00 8.32369218372413755e+00
5.00117224614370670e+00 1.32133177624694387e+00 8.37331781537958264e+00
5.05774594143770084e+00 1.28507675335900484e+00 8.42306897626654560e+00
5.11495960329186161e+00 1.24979136665256640e+00 8.47294531767112957e+00
5.17282047106357279e+00 1.21545052373999929e+00 8.52294649251699354e+00
5.23133586600245692e+00 1.18202975368464691e+00 8.57307215537415779e+00
5.29051319217671967e+00 1.14950519252737871e+00 8.62332196246724614e+00
5.35035993741005811e+00 1.11785356912026179e+00 8.67369557168323979e+00
5.41088367422908689e+00 1.08705219126190156e+00 8.72419264257865912e+00
5.47209206082146427e+00 1.05707893212892023e+00 8.77481283638620724e+00
5.53399284200496577e+00 1.02791221699810698e+00 8.82555581602099259e+00
5.59659385020742128e+00 9.99531010254001706e-01 8.87642124608619376e+00
5.65990300645772937e+00 9.71914802676582035e-01 8.92740879287819489e+00
5.72392832138819330e+00 9.45043599003806745e-01 8.97851812439135344e+00
5.78867789624808182e+00 9.18897905763979117e-01 9.02974891032221905e+00
5.85415992392866791e+00 8.93458719372801302e-01 9.08110082207328873e+00
5.92038268999995587e+00 8.68707514490098198e-01 9.13257353275638195e+00
5.98735457375904012e+00 8.44626232631359053e-01 9.18416671719551125e+00
6.05508404929031663e+00 8.21197271029198150e-01 9.23588005192931405e+00
6.12357968653779405e+00 7.98403471739910664e-01 9.28771321521315230e+00
6.19285015238942460e+00 7.76228110990479059e-01 9.33966588702072009e+00
6.26290421177376100e+00 7.54654888761314147e-01 9.39173774904523206e+00
6.33375072876895207e+00 7.33667918600204305e-01 9.44392848470029733e+00
6.40539866772440813e+00 7.13251717662877205e-01 9.49623777912035294e+00
6.47785709439503865e+00 6.93391196975823965e-01 9.54866531916075978e+00
6.55113517708832305e+00 6.74071651916948844e-01 9.60121079339743666e+00
6.62524218782447072e+00 6.55278752909720041e-01 9.65387389212630609e+00
6.70018750350959014e+00 6.36998536326626175e-01 9.70665430736221779e+00
6.77598060712212646e+00 6.19217395597733700e-01 9.75955173283757560e+00
6.85263108891284300e+00 6.01922072520210683e-01 9.81256586400078668e+00
6.93014864761825145e+00 5.85099648764805247e-01 9.86569639801409615e+00
7.00854309168777601e+00 5.68737537575300656e-01 9.91894303375137909e+00
7.08782434052491261e+00 5.52823475656968100e-01 9.97230547179542803e+00
7.16800242574229962e+00 5.37345515250252315e-01 1.00257834144351285e+01
7.24908749243106332e+00 5.22292016385824676e-01 1.00793765656621161e+01
7.33108980044444003e+00 5.07651639317332148e-01 1.01330846311672982e+01
7.41401972569606116e+00 4.93413337128125351e-01 1.01869073183371022e+01
7.49788776147279545e+00 4.79566348508414675e-01 1.02408443362494079e+01
7.58270451976244075e+00 4.66100190699287487e-01 1.02948953956691565e+01
7.66848073259656893e+00 4.53004652600090374e-01 1.03490602090438539e+01
7.75522725340842545e+00 4.40269788035793752e-01 1.04033384904986939e+01
7.84295505840619089e+00 4.27885909180960311e-01 1.04577299558314785e+01
7.93167524796191170e+00 4.15843580136993518e-01 1.05122343225073660e+01
8.02139904801601311e+00 4.04133610659462239e-01 1.05668513096533090e+01
8.11213781149768032e+00 3.92747050032299039e-01 1.06215806380522579e+01
8.20390301976147285e+00 3.81675181085719184e-01 1.06764220301372603e+01
8.29670628404003097e+00 3.70909514354830494e-01 1.07313752099852397e+01
8.39055934691321781e+00 3.60441782375896413e-01 1.07864399033106260e+01
8.48547408379403123e+00 3.50263934117270803e-01 1.08416158374588338e+01
8.58146250443117431e+00 3.40368129542132913e-01 1.08969027413993960e+01
8.67853675442862027e+00 3.30746734300156386e-01 1.09523003457191219e+01
8.77670911678251997e+00 3.21392314545284052e-01 1.10078083826149147e+01
8.87599201343532940e+00 3.12297631876905735e-01 1.10634265858865337e+01
8.97639800684761724e+00 3.03455638401704031e-01 1.11191546909290757e+01
9.07793980158754010e+00 2.94859471913550386e-01 1.11749924347253895e+01
9.18063024593849164e+00 2.86502451188822005e-01 1.12309395558383454e+01
9.28448233352476393e+00 2.78378071394629112e-01 1.12869957944028769e+01
9.38950920495560126e+00 2.70479999607437183e-01 1.13431608921179041e+01
9.49572414948801757e+00 2.62802070439623892e-01 1.13994345922382134e+01
9.60314060670826031e+00 2.55338281771592401e-01 1.14558166395660663e+01
9.71177216823228306e+00 2.48082790587076829e-01 1.15123067804427759e+01
9.82163257942564449e+00 2.41029908909311752e-01 1.15689047627401091e+01
9.93273574114266822e+00 2.34174099835836674e-01 1.16256103358516647e+01
1.00450957114852937e+01 2.27509973669693027e-01 1.16824232506839891e+01
1.01587267075819927e+01 2.21032284144835223e-01 1.17393432596477272e+01
1.02736431073866079e+01 2.14735924743646445e-01 1.17963701166485855e+01
1.03898594514976512e+01 2.08615925104449207e-01 1.18535035770782091e+01
1.05073904449981832e+01 2.02667447516975158e-01 1.19107433978050867e+01
1.06262509593163230e+01 1.96885783503790823e-01 1.19680893371650754e+01
1.07464560341072008e+01 1.91266350485693487e-01 1.20255411549522524e+01
1.08680208791557931e+01 1.85804688529186524e-01 1.20830986124092892e+01
1.09909608763014841e+01 1.80496457174123132e-01 1.21407614722179957e+01
1.11152915813843656e+01 1.75337432339681465e-01 1.21985294984897514e+01
1.12410287262135871e+01 1.70323503306859858e-01 1.22564024567558061e+01
1.13681882205577569e+01 1.65450669775732639e-01 1.23143801139575082e+01
1.14967861541583041e+01 1.60715038995705467e-01 1.23724622384366221e+01
1.16268387987651707e+01 1.56112822967107767e-01 1.24306485999253944e+01
1.17583626101957410e+01 1.51640335712435570e-01 1.24889389695367274e+01
1.18913742304170444e+01 1.47293990615624482e-01 1.25473331197541906e+01
1.20258904896514842e+01 1.43070297827762399e-01 1.26058308244220552e+01
1.21619284085064514e+01 1.38965861737678970e-01 1.26644318587352540e+01
1.22995052001277809e+01 1.34977378505896195e-01 1.27231359992292781e+01
1.24386382723780589e+01 1.31101633660424544e-01 1.27819430237701823e+01
1.25793452300390776e+01 1.27335499752972370e-01 1.28408527115443416e+01
1.27216438770394511e+01 1.23675934074118657e-01 1.28998648430483520e+01
1.28655522187073785e+01 1.20119976426056624e-01 1.29589792000787956e+01
1.30110884640489566e+01 1.16664746951539305e-01 1.30181955657221042e+01
1.31582710280519759e+01 1.13307444017694228e-01 1.30775137243442234e+01
1.33071185340163378e+01 1.10045342153379355e-01 1.31369334615804707e+01
1.34576498159102691e+01 1.06875790038825150e-01 1.31964545643252293e+01
1.36098839207534912e+01 1.03796208546289556e-01 1.32560768207216775e+01
1.37638401110272603e+01 1.00804088830509786e-01 1.33158000201514959e+01
1.39195378671117052e+01 9.78969904677505359e-02 1.33756239532246326e+01
1.40769968897507560e+01 9.50725396422761465e-02 1.34355484117689965e+01
1.42362371025447061e+01 9.23284273791071530e-02 1.34955731888200781e+01
1.43972786544715170e+01 8.96624078219262211e-02 1.35556980786108117e+01
1.45601419224360829e+01 8.70722965550583677e-02 1.36159228765611946e+01
1.47248475138486192e+01 8.45559689684400873e-02 1.36762473792680836e+01
1.48914162692321561e+01 8.21113586645358662e-02 1.37366713844947963e+01
1.50598692648595982e+01 7.97364559061797401e-02 1.37971946911610388e+01
1.52302278154202906e+01 7.74293061043444808e-02 1.38578170993324399e+01
1.54025134767173846e+01 7.51880083448505931e-02 1.39185384102105392e+01
1.55767480483950944e+01 7.30107139530762894e-02 1.39793584261224453e+01
1.57529535766970969e+01 7.08956250957228640e-02 1.40402769505106448e+01
1.59311523572560994e+01 6.88409934187290268e-02 1.41012937879228879e+01
1.61113669379149442e+01 6.68451187204418124e-02 1.41624087440019935e+01
1.62936201215796999e+01 6.49063476591734551e-02 1.42236216254757366e+01
1.64779349691046875e+01 6.30230724942980741e-02 1.42849322401466665e+01
1.66643348022108206e+01 6.11937298600467999e-02 1.43463403968822423e+01
1.68528432064362796e+01 5.94167995712029592e-02 1.44078459056045070e+01
1.70434840341209046e+01 5.76908034598965364e-02 1.44694485772803230e+01
1.72362814074242792e+01 5.60143042427246191e-02 1.45311482239112273e+01
1.74312597213780194e+01 5.43859044174431761e-02 1.45929446585235620e+01
1.76284436469722507e+01 5.28042451884934358e-02 1.46548376951584984e+01
1.78278581342776974e+01 5.12680054206334501e-02 1.47168271488622189e+01
1.80295284156023818e+01 4.97759006199824730e-02 1.47789128356760635e+01
1.82334800086843849e+01 4.83266819417813645e-02 1.48410945726267425e+01
1.84397387199206655e+01 4.69191352242006379e-02 1.49033721777164843e+01
1.86483306476324628e+01 4.55520800475407994e-02 1.49657454699134895e+01
1.88592821853672667e+01 4.42243688181861092e-02 1.50282142691420262e+01
1.90726200252388907e+01 4.29348858766809977e-02 1.50907783962729987e+01
1.92883711613046032e+01 4.16825466293280628e-02 1.51534376731143112e+01
1.95065628929807744e+01 4.04662967027052053e-02 1.52161919224012454e+01
1.97272228284971654e+01 3.92851111205234013e-02 1.52790409677870400e+01
1.99503788883902189e+01 3.81379935022577790e-02 1.53419846338334356e+01
2.01760593090360025e+01 3.70239752829972235e-02 1.54050227460013058e+01
2.04042926462226788e+01 3.59421149539749171e-02 1.54681551306411329e+01
2.06351077787642083e+01 3.48914973232468950e-02 1.55313816149839905e+01
2.08685339121541311e+01 3.38712327960109319e-02 1.55947020271320920e+01
2.11046005822610709e+01 3.28804566740587279e-02 1.56581161960497113e+01
2.13433376590659556e+01 3.19183284738728465e-02 1.57216239515539016e+01
2.15847753504416353e+01 3.09840312628905726e-02 1.57852251243056347e+01
2.18289442059747678e+01 3.00767710134690579e-02 1.58489195458004435e+01
2.20758751208318671e+01 2.91957759740929211e-02 1.59127070483597990e+01
2.23255993396681589e+01 2.83402960573859893e-02 1.59765874651219821e+01
2.25781484605811364e+01 2.75096022444894818e-02 1.60405606300331876e+01
2.28335544391087026e+01 2.67029860053866405e-02 1.61046263778388692e+01
2.30918495922726983e+01 2.59197587347599276e-02 1.61687845440748816e+01
2.33530666026676244e+01 2.51592512029818506e-02 1.62330349650587884e+01
2.36172385225966295e+01 2.44208130218418924e-02 1.62973774778812448e+01
2.38843987782532849e+01 2.37038121246340543e-02 1.63618119203974715e+01
2.41545811739511755e+01 2.30076342602267073e-02 1.64263381312186638e+01
2.44278198964012176e+01 2.23316825007535760e-02 1.64909559497035580e+01
2.47041495190373794e+01 2.16753767625706001e-02 1.65556652159500537e+01
2.49836050063914108e+01 2.10381533401326586e-02 1.66204657707868471e+01
2.52662217185165936e+01 2.04194644524544056e-02 1.66853574557651463e+01
2.55520354154624982e+01 1.98187778018228816e-02 1.67503401131505427e+01
2.58410822617994000e+01 1.92355761444458796e-02 1.68154135859147615e+01
2.61333988311943202e+01 1.86693568727202761e-02 1.68805777177275793e+01
2.64290221110387904e+01 1.81196316088167615e-02 1.69458323529488624e+01
2.67279895071290419e+01 1.75859258092835140e-02 1.70111773366205270e+01
2.70303388483985962e+01 1.70677783803805799e-02 1.70766125144586489e+01
2.73361083917054835e+01 1.65647413038593552e-02 1.71421377328456295e+01
2.76453368266725334e+01 1.60763792729163961e-02 1.72077528388224756e+01
2.79580632805829516e+01 1.56022693380498557e-02 1.72734576800809592e+01
2.82743273233311783e+01 1.51420005625587072e-02 1.73392521049560564e+01
2.85941689724297277e+01 1.46951736874295392e-02 1.74051359624183029e+01
2.89176286980728250e+01 1.42614008053624473e-02 1.74711091020663574e+01
2.92447474282566979e+01 1.38403050436948834e-02 1.75371713741193496e+01
2.95755665539589678e+01 1.34315202559853776e-02 1.76033226294096430e+01
2.99101279343754847e+01 1.30346907220303138e-02 1.76695627193755342e+01
3.02484739022169649e+01 1.26494708560872283e-02 1.77358914960537675e+01
3.05906472690654212e+01 1.22755249230877446e-02 1.78023088120724999e+01
3.09366913307913372e+01 1.19125267626267635e-02 1.78688145206441646e+01
3.12866498730314611e+01 1.15601595205215620e-02 1.79354084755581660e+01
3.16405671767298600e+01 1.12181153877370862e-02 1.80020905311740833e+01
3.19984880237403573e+01 1.08860953464832745e-02 1.80688605424147184e+01
3.23604577024930080e+01 1.05638089232904919e-02 1.81357183647590077e+01
3.27265220137245052e+01 1.02509739488776831e-02 1.82026638542353396e+01
3.30967272762734908e+01 9.94731632463072106e-03 1.82696968674147584e+01
3.34711203329414388e+01 9.65256979551394785e-03 1.83368172614042457e+01
3.38497485564192857e+01 9.36647572924276597e-03 1.84040248938400168e+01
3.42326598552823569e+01 9.08878290154766476e-03 1.84713196228810581e+01
3.46199026800518297e+01 8.81924728736790606e-03 1.85387013072025084e+01
3.50115260293253598e+01 8.55763185781390802e-03 1.86061698059892962e+01
3.54075794559770287e+01 8.30370638274333800e-03 1.86737249789296094e+01
3.58081130734274709e+01 8.05724723879970052e-03 1.87413666862087247e+01
3.62131775619842671e+01 7.81803722276628102e-03 1.88090947885025308e+01
3.66228241752554524e+01 7.58586537009079201e-03 1.88769091469715597e+01
3.70371047466342205e+01 7.36052677844253010e-03 1.89448096232546952e+01
3.74560716958576023e+01 7.14182243616468936e-03 1.90127960794630653e+01
3.78797780356392408e+01 6.92955905548982634e-03 1.90808683781740953e+01
3.83082773783773760e+01 6.72354891038908550e-03 1.91490263824255571e+01
3.87416239429378848e+01 6.52360967893006027e-03 1.92172699557094937e+01
3.91798725615156371e+01 6.32956429001973759e-03 1.92855989619666204e+01
3.96230786865719082e+01 6.14124077441481099e-03 1.93540132655803596e+01
4.00712983978510238e+01 5.95847211988228230e-03 1.94225127313712349e+01
4.05245884094762729e+01 5.78109613039769644e-03 1.94910972245911012e+01
4.09830060771260136e+01 5.60895528927113102e-03 1.95597666109176274e+01
4.14466094052912197e+01 5.44189662609357184e-03 1.96285207564486761e+01
4.19154570546141798e+01 5.27977158740004521e-03 1.96973595276968787e+01
4.23896083493119988e+01 5.12243591094682302e-03 1.97662827915841781e+01
4.28691232846822885e+01 4.96974950350538396e-03 1.98352904154364573e+01
4.33540625346947124e+01 4.82157632207587308e-03 1.99043822669782813e+01
4.38444874596681231e+01 4.67778425842686144e-03 1.99735582143275607e+01
4.43404601140348475e+01 4.53824502687016212e-03 2.00428181259903937e+01
4.48420432541917791e+01 4.40283405518234611e-03 2.01121618708558607e+01
4.53493003464421847e+01 4.27143037858579953e-03 2.01815893181911434e+01
4.58622955750254917e+01 4.14391653670629755e-03 2.02511003376362204e+01
4.63810938502388197e+01 4.02017847342465724e-03 2.03206947991991242e+01
4.69057608166502220e+01 3.90010543954302097e-03 2.03903725732508683e+01
4.74363628614049873e+01 3.78358989818834181e-03 2.04601335305207392e+01
4.79729671226250005e+01 3.67052743287782151e-03 2.05299775420913164e+01
4.85156414979050012e+01 3.56081665817236043e-03 2.05999044793938353e+01
4.90644546529030166e+01 3.45435913284748188e-03 2.06699142142035086e+01
4.96194760300289772e+01 3.35105927551152026e-03 2.07400066186348084e+01
5.01807758572314029e+01 3.25082428260380302e-03 2.08101815651369328e+01
5.07484251568834424e+01 3.15356404870695403e-03 2.08804389264892372e+01
5.13224957547697542e+01 3.05919108910924012e-03 2.09507785757968001e+01
5.19030602891738582e+01 2.96762046455491908e-03 2.10212003864858765e+01
5.24901922200704902e+01 2.87876970812142715e-03 2.10917042322997226e+01
5.30839658384198003e+01 2.79255875416510937e-03 2.11622899872940557e+01
5.36844562755677543e+01 2.70890986927763838e-03 2.12329575258329371e+01
5.42917395127525992e+01 2.62774758519746226e-03 2.13037067225844545e+01
5.49058923907192238e+01 2.54899863362191993e-03 2.13745374525166838e+01
5.55269926194409891e+01 2.47259188286733144e-03 2.14454495908932721e+01
5.61551187879539455e+01 2.39845827632528168e-03 2.15164430132697397e+01
5.67903503742998907e+01 2.32653077266559453e-03 2.15875175954892384e+01
5.74327677555831642e+01 2.25674428773694601e-03 2.16586732136786004e+01
5.80824522181408938e+01 2.18903563811797099e-03 2.17299097442444733e+01
5.87394859678283225e+01 2.12334348627276877e-03 2.18012270638693622e+01
5.94039521404207136e+01 2.05960828726603398e-03 2.18726250495079277e+01
6.00759348121317132e+01 1.99777223699435522e-03 2.19441035783830607e+01
6.07555190102531597e+01 1.93777922189096929e-03 2.20156625279821760e+01
6.14427907239127364e+01 1.87957477006327374e-03 2.20873017760537138e+01
6.21378369149546401e+01 1.82310600382255611e-03 2.21590212006033020e+01
6.28407455289430033e+01 1.76832159356718238e-03 2.22308206798901509e+01
6.35516055062900733e+01 1.71517171298124970e-03 2.23027000924236667e+01
6.42705067935090142e+01 1.66360799551191910e-03 2.23746593169598107e+01
6.49975403545965236e+01 1.61358349208928211e-03 2.24466982324977131e+01
6.57327981825417140e+01 1.56505263005426998e-03 2.25188167182762911e+01
6.64763733109663519e+01 1.51797117326036863e-03 2.25910146537707455e+01
6.72283598258966606e+01 1.47229618331628132e-03 2.26632919186893957e+01
6.79888528776681227e+01 1.42798598193741777e-03 2.27356483929703224e+01
6.87579486929654138e+01 1.38500011437499532e-03 2.28080839567781872e+01
6.95357445869969837e+01 1.34329931389250297e-03 2.28805984905008550e+01
7.03223389758102115e+01 1.30284546725980437e-03 2.29531918747465298e+01
7.11178313887430846e+01 1.26360158123646851e-03 2.30258639903404685e+01
7.19223224810180994e+01 1.22553175001622531e-03 2.30986147183219543e+01
7.27359140464784275e+01 1.18860112360548659e-03 2.31714439399411916e+01
7.35587090304682931e+01 1.15277587710956573e-03 2.32443515366565236e+01
7.43908115428577474e+01 1.11802318090097139e-03 2.33173373901312111e+01
7.52323268712175945e+01 1.08431117164470097e-03 2.33904013822308130e+01
7.60833614941405614e+01 1.05160892415650143e-03 2.34635433950201140e+01
7.69440230947144101e+01 1.01988642407036933e-03 2.35367633107603993e+01
7.78144205741473769e+01 9.89114541292420747e-04 2.36100610119066339e+01
7.86946640655479825e+01 9.59265004218840607e-04 2.36834363811047623e+01
7.95848649478590602e+01 9.30310374696314288e-04 2.37568893011888704e+01
8.04851358599526634e+01 9.02224023703716914e-04 2.38304196551787015e+01
8.13955907148812940e+01 8.74980107734799734e-04 2.39040273262768856e+01
8.23163447142917875e+01 8.48553545861822803e-04 2.39777121978664383e+01
8.32475143630019971e+01 8.22919997460833954e-04 2.40514741535081100e+01
8.41892174837424392e+01 7.98055840579786104e-04 2.41253130769378821e+01
8.51415732320649425e+01 7.73938150931203573e-04 2.41992288520645893e+01
8.61047021114182627e+01 7.50544681491665091e-04 2.42732213629672700e+01
8.70787259883976503e+01 7.27853842690711250e-04 2.43472904938929808e+01
8.80637681081635861e+01 7.05844683172545295e-04 2.44214361292542073e+01
8.90599531100364743e+01 6.84496871114089757e-04 2.44956581536266711e+01
9.00674070432675791e+01 6.63790676083569377e-04 2.45699564517469824e+01
9.10862573829886060e+01 6.43706951424192109e-04 2.46443309085102733e+01
9.21166330463399419e+01 6.24227117147989319e-04 2.47187814089680664e+01
9.31586644087849720e+01 6.05333143325120651e-04 2.47933078383259868e+01
9.42124833206052870e+01 5.87007533954653020e-04 2.48679100819416590e+01
9.52782231235843398e+01 5.69233311302923153e-04 2.49425880253225358e+01
9.63560186678794111e+01 5.51994000696163600e-04 2.50173415541236963e+01
9.74460063290849092e+01 5.35273615754382551e-04 2.50921705541459517e+01
9.85483240254866217e+01 5.19056644053893386e-04 2.51670749113335894e+01
9.96631112355151600e+01 5.03328033206131573e-04 2.52420545117724906e+01
1.00790509015392871e+02 4.88073177340951441e-04 2.53171092416881010e+01
1.01930660016982387e+02 4.73277903982712717e-04 2.53922389874435090e+01
1.03083708505836555e+02 4.58928461307929242e-04 2.54674436355374816e+01
1.04249800379452765e+02 4.45011505773520218e-04 2.55427230726025236e+01
1.05429083185733958e+02 4.31514090105030021e-04 2.56180771854031804e+01
1.06621706141656517e+02 4.18423651634489981e-04 2.56935058608339446e+01
1.07827820152153549e+02 4.05728000977816192e-04 2.57690089859176652e+01
1.09047577829207398e+02 3.93415311042074841e-04 2.58445864478037315e+01
1.10281133511160476e+02 3.81474106353046135e-04 2.59202381337662047e+01
1.11528643282243905e+02 3.69893252693914991e-04 2.59959639312022546e+01
1.12790264992327693e+02 3.58661947046105139e-04 2.60717637276302661e+01
1.14066158276891912e+02 3.47769707823597095e-04 2.61476374106884322e+01
1.15356484577228414e+02 3.37206365392192248e-04 2.62235848681328143e+01
1.16661407160866574e+02 3.26962052865610033e-04 2.62996059878359993e+01
1.17981091142232216e+02 3.17027197170359140e-04 2.63757006577853303e+01
1.19315703503539922e+02 3.07392510371659784e-04 2.64518687660814784e+01
1.20665413115921595e+02 2.98048981252873907e-04 2.65281102009367764e+01
1.22030390760794575e+02 2.88987867141121538e-04 2.66044248506737624e+01
1.23410809151468939e+02 2.80200685971992297e-04 2.66808126037237123e+01
1.24806842955004242e+02 2.71679208586386863e-04 2.67572733486251764e+01
1.26218668814308529e+02 2.63415451252847939e-04 2.68338069740225045e+01
1.27646465370489722e+02 2.55401668408807567e-04 2.69104133686645284e+01
1.29090413285459562e+02 2.47630345614430940e-04 2.69870924214030694e+01
1.30550695264793490e+02 2.40094192712902787e-04 2.70638440211916205e+01
1.32027496080846817e+02 2.32786137191187789e-04 2.71406680570839427e+01
1.33521002596137265e+02 2.25699317735420435e-04 2.72175644182329144e+01
1.35031403786987227e+02 2.18827077975330671e-04 2.72945329938890708e+01
1.36558890767435514e+02 2.12162960412190564e-04 2.73715736733993644e+01
1.38103656813419718e+02 2.05700700524967935e-04 2.74486863462059922e+01
1.39665897387231553e+02 1.99434221049516245e-04 2.75258709018451277e+01
1.41245810162249768e+02 1.93357626425772052e-04 2.76031272299456667e+01
1.42843595047949833e+02 1.87465197408096266e-04 2.76804552202280689e+01
1.44459454215202300e+02 1.81751385833983322e-04 2.77578547625032819e+01
1.46093592121851657e+02 1.76210809546579805e-04 2.78353257466714581e+01
1.47746215538587251e+02 1.70838247466508040e-04 2.79128680627209604e+01
1.49417533575106461e+02 1.65628634808662092e-04 2.79904816007271577e+01
1.51107757706574404e+02 1.60577058439755413e-04 2.80681662508514762e+01
1.52817101800379731e+02 1.55678752372532381e-04 2.81459219033401808e+01
1.54545782143199517e+02 1.50929093392635074e-04 2.82237484485233807e+01
1.56294017468363819e+02 1.46323596814300930e-04 2.83016457768141585e+01
1.58062028983533253e+02 1.41857912361102392e-04 2.83796137787073697e+01
1.59850040398688662e+02 1.37527820168100589e-04 2.84576523447787970e+01
1.61658277954438290e+02 1.33329226901862896e-04 2.85357613656841060e+01
1.63486970450641849e+02 1.29258161994917712e-04 2.86139407321578538e+01
1.65336349275364995e+02 1.25310773991281607e-04 2.86921903350127643e+01
1.67206648434154545e+02 1.21483326999846772e-04 2.87705100651385912e+01
1.69098104579648464e+02 1.17772197252454547e-04 2.88488998135014150e+01
1.71010957041519930e+02 1.14173869763605247e-04 2.89273594711426227e+01
1.72945447856760211e+02 1.10684935088832266e-04 2.90058889291781128e+01
1.74901821800304731e+02 1.07302086178853506e-04 2.90844880787975129e+01
1.76880326416002134e+02 1.04022115326705625e-04 2.91631568112632209e+01
1.78881212047940807e+02 1.00841911205121616e-04 2.92418950179097017e+01
1.80904731872122426e+02 9.77584559915357037e-05 2.93207025901427123e+01
1.82951141928497691e+02 9.47688225781289414e-05 2.93995794194384814e+01
1.85020701153363433e+02 9.18701718644334103e-05 2.94785253973429313e+01
1.87113671412127189e+02 8.90597501300729414e-05 2.95575404154710668e+01
1.89230317532438420e+02 8.63348864852964690e-05 2.96366243655060018e+01
1.91370907337702334e+02 8.36929903970088951e-05 2.97157771391985008e+01
1.93535711680964965e+02 8.11315492881042383e-05 2.97949986283662369e+01
1.95725004479185600e+02 7.86481262079341011e-05 2.98742887248929136e+01
1.97939062747895917e+02 7.62403575718316700e-05 2.99536473207278817e+01
2.00178166636252286e+02 7.39059509676586823e-05 3.00330743078853395e+01
2.02442599462480189e+02 7.16426830274137651e-05 3.01125695784436083e+01
2.04732647749727960e+02 6.94483973619771608e-05 3.01921330245447344e+01
2.07048601262317845e+02 6.73210025571521775e-05 3.02717645383936826e+01
2.09390753042411404e+02 6.52584702291893990e-05 3.03514640122578925e+01
2.11759399447088526e+02 6.32588331380482661e-05 3.04312313384665352e+01
2.14154840185846155e+02 6.13201833566973001e-05 3.05110664094101764e+01
2.16577378358522054e+02 5.94406704948013904e-05 3.05909691175399772e+01
2.19027320493642975e+02 5.76184999752009732e-05 3.06709393553672456e+01
2.21504976587215793e+02 5.58519313616162455e-05 3.07509770154629472e+01
2.24010660141948165e+02 5.41392767360824321e-05 3.08310819904572355e+01
2.26544688206917670e+02 5.24788991246388252e-05 3.09112541730388273e+01
2.29107381417688657e+02 5.08692109698541864e-05 3.09914934559545330e+01
2.31699064036883783e+02 4.93086726488061713e-05 3.10717997320088948e+01
2.34320063995209807e+02 4.77957910351764408e-05 3.11521728940634759e+01
2.36970712932957071e+02 4.63291181041523088e-05 3.12326128350367362e+01
2.39651346241958692e+02 4.49072495788818826e-05 3.13131194479033148e+01
2.42362303108029408e+02 4.35288236172480048e-05 3.13936926256937845e+01
2.45103926553883412e+02 4.21925195377727665e-05 3.14743322614940126e+01
2.47876563482537591e+02 4.08970565834972718e-05 3.15550382484450509e+01
2.50680564721207020e+02 3.96411927227120994e-05 3.16358104797424069e+01
2.53516285065691619e+02 3.84237234854539002e-05 3.17166488486359519e+01
2.56384083325275299e+02 3.72434808347016133e-05 3.17975532484292316e+01
2.59284322368122844e+02 3.60993320712570627e-05 3.18785235724795655e+01
2.62217369167195216e+02 3.49901787713043281e-05 3.19595597141971162e+01
2.65183594846683377e+02 3.39149557556855193e-05 3.20406615670449995e+01
2.68183374728968602e+02 3.28726300899513784e-05 3.21218290245387266e+01
2.71217088382108216e+02 3.18622001142788812e-05 3.22030619802458915e+01
2.74285119667869708e+02 3.08826945023645534e-05 3.22843603277859401e+01
2.77387856790297178e+02 2.99331713484430192e-05 3.23657239608297971e+01
2.80525692344832578e+02 2.90127172815911371e-05 3.24471527730995319e+01
2.83699023367991742e+02 2.81204466065113674e-05 3.25286466583682667e+01
2.86908251387602036e+02 2.72555004700080523e-05 3.26102055104595223e+01
2.90153782473609624e+02 2.64170460523951615e-05 3.26918292232473888e+01
2.93436027289455808e+02 2.56042757830962540e-05 3.27735176906559076e+01
2.96755401144045891e+02 2.48164065797150901e-05 3.28552708066590355e+01
3.00112324044294439e+02 2.40526791098854116e-05 3.29370884652802260e+01
3.03507220748270754e+02 2.33123570752193443e-05 3.30189705605924004e+01
3.06940520818944492e+02 2.25947265166991782e-05 3.31009169867175430e+01
3.10412658678540026e+02 2.18990951408753737e-05 3.31829276378265661e+01
3.13924073663500053e+02 2.12247916662534014e-05 3.32650024081390043e+01
3.17475210080083059e+02 2.05711651892656849e-05 3.33471411919229794e+01
3.21066517260577257e+02 1.99375845692510400e-05 3.34293438834948233e+01
3.24698449620156850e+02 1.93234378318725549e-05 3.35116103772190286e+01
3.28371466714379892e+02 1.87281315904266225e-05 3.35939405675079357e+01
3.32086033297338361e+02 1.81510904845102818e-05 3.36763343488217188e+01
3.35842619380458757e+02 1.75917566355312830e-05 3.37587916156680308e+01
3.39641700291981863e+02 1.70495891185560813e-05 3.38413122626019600e+01
3.43483756737101373e+02 1.65240634500135331e-05 3.39238961842259101e+01
3.47369274858789993e+02 1.60146710907783624e-05 3.40065432751893439e+01
3.51298746299312086e+02 1.55209189641776123e-05 3.40892534301887338e+01
3.55272668262431921e+02 1.50423289884748167e-05 3.41720265439673483e+01
3.59291543576327570e+02 1.45784376234000865e-05 3.42548625113152099e+01
3.63355880757208638e+02 1.41287954303081810e-05 3.43377612270688672e+01
3.67466194073668817e+02 1.36929666455554012e-05 3.44207225861114452e+01
3.71623003611751301e+02 1.32705287667042636e-05 3.45037464833723604e+01
3.75826835340757953e+02 1.28610721511704864e-05 3.45868328138273071e+01
3.80078221179801005e+02 1.24641996269419042e-05 3.46699814724981934e+01
3.84377699065109482e+02 1.20795261150082748e-05 3.47531923544529846e+01
3.88725813018089127e+02 1.17066782631532271e-05 3.48364653548055969e+01
3.93123113214167972e+02 1.13452940907665631e-05 3.49198003687159186e+01
3.97570156052404514e+02 1.09950226443505320e-05 3.50031972913897036e+01
4.02067504225891923e+02 1.06555236633980418e-05 3.50866560180783793e+01
4.06615726792956593e+02 1.03264672563338114e-05 3.51701764440791891e+01
4.11215399249163738e+02 1.00075335862169768e-05 3.52537584647350428e+01
4.15867103600129610e+02 9.69841256591389087e-06 3.53374019754342896e+01
4.20571428435173345e+02 9.39880356245619132e-06 3.54211068716110802e+01
4.25328969001786220e+02 9.10841511031109474e-06 3.55048730487448694e+01
4.30140327280950771e+02 8.82696463329590786e-06 3.55887004023607361e+01
4.35006112063310752e+02 8.55417817487810212e-06 3.56725888280291130e+01
4.39926939026202604e+02 8.28979013661000309e-06 3.57565382213658580e+01
4.44903430811560213e+02 8.03354302445416259e-06 3.58405484780323675e+01
4.49936217104691593e+02 7.78518720276341679e-06 3.59246194937351362e+01
4.55025934713965341e+02 7.54448065568506263e-06 3.60087511642262612e+01
4.60173227651379705e+02 7.31118875576813813e-06 3.60929433853031298e+01
4.65378747214052680e+02 7.08508403955657895e-06 3.61771960528083980e+01
4.70643152066632013e+02 6.86594598995925173e-06 3.62615090626302035e+01
4.75967108324638957e+02 6.65356082519328255e-06 3.63458823107018958e+01
4.81351289638745811e+02 6.44772129410403477e-06 3.64303156930022709e+01
4.86796377280025638e+02 6.24822647766900776e-06 3.65148091055554218e+01
4.92303060226147068e+02 6.05488159650171369e-06 3.65993624444308594e+01
4.97872035248554198e+02 5.86749782417407023e-06 3.66839756057435551e+01
5.03504007000630111e+02 5.68589210618304637e-06 3.67686484856537774e+01
5.09199688106858332e+02 5.50988698439196426e-06 3.68533809803673549e+01
5.14959799252994571e+02 5.33931042678177857e-06 3.69381729861354771e+01
5.20785069277248226e+02 5.17399566235324034e-06 3.70230243992549006e+01
5.26676235262516002e+02 5.01378102102403270e-06 3.71079351160679778e+01
5.32634042629638657e+02 4.85850977837197097e-06 3.71929050329625355e+01
5.38659245231722025e+02 4.70803000507766103e-06 3.72779340463721027e+01
5.44752605449523912e+02 4.56219442092546545e-06 3.73630220527758468e+01
5.50914894287921811e+02 4.42086025322563859e-06 3.74481689486987435e+01
5.57146891473460528e+02 4.28388909952477347e-06 3.75333746307113074e+01
5.63449385553026445e+02 4.15114679447481371e-06 3.76186389954301816e+01
5.69823173993614319e+02 4.02250328073631649e-06 3.77039619395176473e+01
5.76269063283234914e+02 3.89783248379382357e-06 3.77893433596821069e+01
5.82787869032961680e+02 3.77701219056569812e-06 3.78747831526778427e+01
5.89380416080131226e+02 3.65992393169415492e-06 3.79602812153052511e+01
5.96047538592714432e+02 3.54645286740446678e-06 3.80458374444109921e+01
6.02790080174855461e+02 3.43648767682601491e-06 3.81314517368876906e+01
6.09608893973629051e+02 3.32992045067028125e-06 3.82171239896744694e+01
6.16504842786981726e+02 3.22664658716525683e-06 3.83028540997567433e+01
6.23478799172904928e+02 3.12656469114754613e-06 3.83886419641664034e+01
6.30531645559842559e+02 3.02957647621706318e-06 3.84744874799818106e+01
6.37664274358347825e+02 2.93558666986193197e-06 3.85603905443280226e+01
6.44877588073992229e+02 2.84450292146405202e-06 3.86463510543766233e+01
6.52172499421576504e+02 2.75623571309796595e-06 3.87323689073461921e+01
6.59549931440608020e+02 2.67069827303928802e-06 3.88184440005019979e+01
6.67010817612097185e+02 2.58780649190043156e-06 3.89045762311564118e+01
6.74556101976672835e+02 2.50747884131442830e-06 3.89907654966687929e+01
6.82186739254036411e+02 2.42963629508983594e-06 3.90770116944457229e+01
6.89903694963752855e+02 2.35420225276222331e-06 3.91633147219409352e+01
6.97707945547437248e+02 2.28110246546936637e-06 3.92496744766554997e+01
7.05600478492293973e+02 2.21026496408052382e-06 3.93360908561380640e+01
7.13582292456068672e+02 2.14161998951115256e-06 3.94225637579848183e+01
7.21654397393410250e+02 2.07509992515718717e-06 3.95090930798395021e+01
7.29817814683662391e+02 2.01063923138475453e-06 3.95956787193937885e+01
7.38073577260103662e+02 1.94817438201307382e-06 3.96823205743870986e+01
7.46422729740634736e+02 1.88764380273041727e-06 3.97690185426068226e+01
7.54866328559973795e+02 1.82898781138426022e-06 3.98557725218885750e+01
7.63405442103317455e+02 1.77214856008934473e-06 3.99425824101161027e+01
7.72041150841528633e+02 1.71706997909829339e-06 4.00294481052215545e+01
7.80774547467850425e+02 1.66369772238151089e-06 4.01163695051853963e+01
7.89606737036170102e+02 1.61197911486459811e-06 4.02033465080367876e+01
7.98538837100831188e+02 1.56186310127313690e-06 4.02903790118534957e+01
8.07571977858058517e+02 1.51330019653589662e-06 4.03774669147620884e+01
8.16707302288951723e+02 1.46624243769959599e-06 4.04646101149381039e+01
8.25945966304112176e+02 1.42064333730911957e-06 4.05518085106060724e+01
8.35289138889902233e+02 1.37645783820888661e-06 4.06390620000397291e+01
8.44738002256363302e+02 1.33364226972222894e-06 4.07263704815620926e+01
8.54293751986788948e+02 1.29215430516710058e-06 4.08137338535455854e+01
8.63957597189025591e+02 1.25195292066732404e-06 4.09011520144121477e+01
8.73730760648449177e+02 1.21299835522041103e-06 4.09886248626334506e+01
8.83614478982689775e+02 1.17525207198356819e-06 4.10761522967310313e+01
8.93610002798104233e+02 1.13867672074100924e-06 4.11637342152761718e+01
9.03718596848016887e+02 1.10323610151673040e-06 4.12513705168903542e+01
9.13941540192755269e+02 1.06889512929792082e-06 4.13390611002452815e+01
9.24280126361477642e+02 1.03561979983536826e-06 4.14268058640627785e+01
9.34735663515867486e+02 1.00337715648798620e-06 4.15146047071154101e+01
9.45309474615643694e+02 9.72135258079948871e-07 4.16024575282261040e+01
9.56002897585960000e+02 9.41863147739529509e-07 4.16903642262686276e+01
9.66817285486696164e+02 9.12530822689843905e-07 4.17783247001676017e+01
9.77754006683666830e+02 8.84109204962568630e-07 4.18663388488986143e+01
9.88814445021747588e+02 8.56570113006633737e-07 4.19544065714884553e+01
1.00000000000000000e+03 8.29886234164506106e-07 4.20425277670150237e+01
